<?xml version = '1.0' encoding = 'UTF-8'?>
<Table class="oracle.dbtools.crest.model.design.relational.Table" directorySegmentName="seg_0" id="3DC33701-0F97-18C8-4DC3-CF5FAAA84D65" name="per_persona">
<createdBy>mcorteze</createdBy>
<createdTime>2024-10-01 03:43:13 UTC</createdTime>
<generatorID>75BE7008-18D7-223F-0F40-6E5BCC23E4D3</generatorID>
<ownerDesignName>modelo_semana8</ownerDesignName>
<allowColumnReorder>false</allowColumnReorder>
<existDependencyGenerateInDDl>true</existDependencyGenerateInDDl>
<parsed>true</parsed>
<columns itemClass="oracle.dbtools.crest.model.design.relational.Column">
<Column name="per_id" id="EB3365B2-CBFC-D688-DD6C-A07B952C40BC">
<createdBy>mcorteze</createdBy>
<createdTime>2024-10-01 03:43:13 UTC</createdTime>
<generatorID>35D33D06-03DA-F028-BDBF-A494D9C3B698</generatorID>
<ownerDesignName>modelo_semana8</ownerDesignName>
<useDomainConstraints>false</useDomainConstraints>
<use>1</use>
<logicalDatatype>LOGDT011</logicalDatatype>
<ownDataTypeParameters>,,</ownDataTypeParameters>
<autoIncrementCycle>false</autoIncrementCycle>
</Column>
<Column name="per_nombre" id="263BAA2B-A12D-9F12-96F0-38F8086B27CD">
<createdBy>mcorteze</createdBy>
<createdTime>2024-10-01 03:43:13 UTC</createdTime>
<generatorID>51533651-8A9B-2693-7004-13E777177F82</generatorID>
<ownerDesignName>modelo_semana8</ownerDesignName>
<useDomainConstraints>false</useDomainConstraints>
<use>1</use>
<logicalDatatype>LOGDT024</logicalDatatype>
<dataTypeSize>100 BYTE</dataTypeSize>
<ownDataTypeParameters>100 BYTE,,</ownDataTypeParameters>
<autoIncrementCycle>false</autoIncrementCycle>
</Column>
<Column name="per_apellido" id="6C8E7690-F09C-85E3-F554-8A6D86D93EEB">
<createdBy>mcorteze</createdBy>
<createdTime>2024-10-01 03:43:13 UTC</createdTime>
<generatorID>F3110E59-3D69-AE83-DEC6-BE8C086FB753</generatorID>
<ownerDesignName>modelo_semana8</ownerDesignName>
<useDomainConstraints>false</useDomainConstraints>
<use>1</use>
<logicalDatatype>LOGDT024</logicalDatatype>
<dataTypeSize>100 BYTE</dataTypeSize>
<ownDataTypeParameters>100 BYTE,,</ownDataTypeParameters>
<autoIncrementCycle>false</autoIncrementCycle>
</Column>
<Column name="per_fechanacimiento" id="543C1BA3-E76B-E84B-AA52-6522F8B6B525">
<createdBy>mcorteze</createdBy>
<createdTime>2024-10-01 03:43:13 UTC</createdTime>
<generatorID>F3B363FA-55E2-6D93-0E80-AD168C0CB66C</generatorID>
<ownerDesignName>modelo_semana8</ownerDesignName>
<useDomainConstraints>false</useDomainConstraints>
<use>1</use>
<logicalDatatype>LOGDT007</logicalDatatype>
<ownDataTypeParameters>,,</ownDataTypeParameters>
<autoIncrementCycle>false</autoIncrementCycle>
</Column>
<Column name="per_rut" id="FF49EF09-EB78-64DA-A0E0-4C04BD8C7AF5">
<createdBy>mcorteze</createdBy>
<createdTime>2024-10-01 03:43:13 UTC</createdTime>
<generatorID>597A842F-DCF0-7F2F-454A-63B7B2477345</generatorID>
<ownerDesignName>modelo_semana8</ownerDesignName>
<useDomainConstraints>false</useDomainConstraints>
<use>1</use>
<logicalDatatype>LOGDT024</logicalDatatype>
<dataTypeSize>12 BYTE</dataTypeSize>
<ownDataTypeParameters>12 BYTE,,</ownDataTypeParameters>
<autoIncrementCycle>false</autoIncrementCycle>
</Column>
<Column name="esc_escuela_esc_id" id="CE41DA9B-FF81-1F84-9441-7FE710378560">
<createdBy>mcorteze</createdBy>
<createdTime>2024-10-01 03:43:13 UTC</createdTime>
<generatorID>E2BCEE35-0878-8418-BE5D-75165636BE72</generatorID>
<ownerDesignName>modelo_semana8</ownerDesignName>
<useDomainConstraints>false</useDomainConstraints>
<use>1</use>
<logicalDatatype>LOGDT011</logicalDatatype>
<ownDataTypeParameters>,,</ownDataTypeParameters>
<previousColumn>false</previousColumn>
<autoIncrementCycle>false</autoIncrementCycle>
<associations>
<colAssociation fkAssociation="5BA912B7-186F-AD4D-1EE7-3462C0F78787" referredColumn="38C64AEE-4C9F-FC19-26DA-783B9FDC6F11"/>
</associations>
</Column>
</columns>
<indexes itemClass="oracle.dbtools.crest.model.design.relational.Index">
<ind_PK_UK id="8CA06083-C636-EFFE-E5D5-F5AA6ABB35F8" name="per_persona_PK">
<createdBy>mcorteze</createdBy>
<createdTime>2024-10-01 03:43:13 UTC</createdTime>
<generatorID>E6DC42BD-CF6A-F581-3161-77BC8794C769</generatorID>
<ownerDesignName>modelo_semana8</ownerDesignName>
<pk>true</pk>
<indexState>Primary Constraint</indexState>
<isSurrogateKey>false</isSurrogateKey>
<indexColumnUsage>
<colUsage columnID="EB3365B2-CBFC-D688-DD6C-A07B952C40BC"/>
</indexColumnUsage>
</ind_PK_UK>
<ind_PK_UK id="52D8134D-A89A-C5B8-F741-77CEF6B3F300" name="per_persona_esc_escuela_FK">
<createdBy>mcorteze</createdBy>
<createdTime>2024-10-01 03:43:13 UTC</createdTime>
<generatorID>70305265-1387-FA4F-A299-F5EFCF3467B3</generatorID>
<ownerDesignName>modelo_semana8</ownerDesignName>
<indexState>Foreign Key</indexState>
<isSurrogateKey>false</isSurrogateKey>
<indexColumnUsage>
<colUsage columnID="CE41DA9B-FF81-1F84-9441-7FE710378560"/>
</indexColumnUsage>
</ind_PK_UK>
</indexes>
</Table>