<?xml version = '1.0' encoding = 'UTF-8'?>
<Table class="oracle.dbtools.crest.model.design.relational.Table" directorySegmentName="seg_0" id="3B9C6938-0B56-18D9-449C-9043D391E393" name="CLIENTE">
<createdBy>mcorteze</createdBy>
<createdTime>2024-09-17 01:26:54 UTC</createdTime>
<generatorID>AA277A14-302B-E544-D2E9-B34ECF98EFF4</generatorID>
<ownerDesignName>modelo6</ownerDesignName>
<allowColumnReorder>false</allowColumnReorder>
<existDependencyGenerateInDDl>true</existDependencyGenerateInDDl>
<parsed>true</parsed>
<columns itemClass="oracle.dbtools.crest.model.design.relational.Column">
<Column name="rut" id="16716E09-B55E-7B59-0CD9-5582A826C81D">
<createdBy>mcorteze</createdBy>
<createdTime>2024-09-17 01:26:54 UTC</createdTime>
<generatorID>A4F86355-61DA-CAA1-DA1F-D58D9A041B7F</generatorID>
<ownerDesignName>modelo6</ownerDesignName>
<useDomainConstraints>false</useDomainConstraints>
<use>1</use>
<logicalDatatype>LOGDT024</logicalDatatype>
<dataTypeSize>10 BYTE</dataTypeSize>
<ownDataTypeParameters>10 BYTE,,</ownDataTypeParameters>
<autoIncrementCycle>false</autoIncrementCycle>
</Column>
<Column name="nombres" id="85CC1511-066F-7C95-8358-5AD6D37B9758">
<createdBy>mcorteze</createdBy>
<createdTime>2024-09-17 01:26:54 UTC</createdTime>
<generatorID>8C674CA1-BC1C-FB49-5C9E-03D881446E6B</generatorID>
<ownerDesignName>modelo6</ownerDesignName>
<nullsAllowed>true</nullsAllowed>
<useDomainConstraints>false</useDomainConstraints>
<use>1</use>
<logicalDatatype>LOGDT024</logicalDatatype>
<dataTypeSize>50 BYTE</dataTypeSize>
<ownDataTypeParameters>50 BYTE,,</ownDataTypeParameters>
<autoIncrementCycle>false</autoIncrementCycle>
</Column>
<Column name="apellidos" id="12AB4FEF-D489-CB58-2848-F7E6701DC92E">
<createdBy>mcorteze</createdBy>
<createdTime>2024-09-17 01:26:54 UTC</createdTime>
<generatorID>7268B711-C36E-59F8-B138-233C9665C61D</generatorID>
<ownerDesignName>modelo6</ownerDesignName>
<nullsAllowed>true</nullsAllowed>
<useDomainConstraints>false</useDomainConstraints>
<use>1</use>
<logicalDatatype>LOGDT024</logicalDatatype>
<dataTypeSize>50 BYTE</dataTypeSize>
<ownDataTypeParameters>50 BYTE,,</ownDataTypeParameters>
<autoIncrementCycle>false</autoIncrementCycle>
</Column>
<Column name="telefono" id="B171E398-D892-E225-ACF9-66D551EA2927">
<createdBy>mcorteze</createdBy>
<createdTime>2024-09-17 01:26:54 UTC</createdTime>
<generatorID>4A816693-E134-D181-670C-B7B88C204198</generatorID>
<ownerDesignName>modelo6</ownerDesignName>
<nullsAllowed>true</nullsAllowed>
<useDomainConstraints>false</useDomainConstraints>
<use>1</use>
<logicalDatatype>LOGDT024</logicalDatatype>
<dataTypeSize>9 BYTE</dataTypeSize>
<ownDataTypeParameters>9 BYTE,,</ownDataTypeParameters>
<autoIncrementCycle>false</autoIncrementCycle>
</Column>
<Column name="email" id="6D88A216-3CCA-CC0A-F54C-74D23AA5863C">
<createdBy>mcorteze</createdBy>
<createdTime>2024-09-17 01:26:54 UTC</createdTime>
<generatorID>FDDDDB3E-BC73-F076-0177-1EBCCB2BE4C2</generatorID>
<ownerDesignName>modelo6</ownerDesignName>
<nullsAllowed>true</nullsAllowed>
<useDomainConstraints>false</useDomainConstraints>
<use>1</use>
<logicalDatatype>LOGDT024</logicalDatatype>
<dataTypeSize>50 BYTE</dataTypeSize>
<ownDataTypeParameters>50 BYTE,,</ownDataTypeParameters>
<autoIncrementCycle>false</autoIncrementCycle>
</Column>
</columns>
<indexes itemClass="oracle.dbtools.crest.model.design.relational.Index">
<ind_PK_UK id="46CB6782-104A-4AEA-EC8B-24E020C2A29E" name="CLIENTE_PK">
<createdBy>mcorteze</createdBy>
<createdTime>2024-09-17 01:26:54 UTC</createdTime>
<generatorID>F8CFAF5A-086E-1CCE-BE4A-06E9F7EF954B</generatorID>
<ownerDesignName>modelo6</ownerDesignName>
<pk>true</pk>
<indexState>Primary Constraint</indexState>
<isSurrogateKey>false</isSurrogateKey>
<indexColumnUsage>
<colUsage columnID="16716E09-B55E-7B59-0CD9-5582A826C81D"/>
</indexColumnUsage>
</ind_PK_UK>
</indexes>
</Table>