<?xml version = '1.0' encoding = 'UTF-8'?>
<Table class="oracle.dbtools.crest.model.design.relational.Table" directorySegmentName="seg_0" id="68751C60-E12F-D897-34B2-14F5543CC0C2" name="VEHICULO">
<createdBy>mcorteze</createdBy>
<createdTime>2024-09-17 01:26:54 UTC</createdTime>
<generatorID>861B7BEA-28CA-18DA-97F5-45B3250D21C9</generatorID>
<ownerDesignName>modelo6</ownerDesignName>
<allowColumnReorder>false</allowColumnReorder>
<existDependencyGenerateInDDl>true</existDependencyGenerateInDDl>
<parsed>true</parsed>
<columns itemClass="oracle.dbtools.crest.model.design.relational.Column">
<Column name="patente" id="4CD05582-09A9-5C94-A4DB-9FEC070FB0DE">
<createdBy>mcorteze</createdBy>
<createdTime>2024-09-17 01:26:54 UTC</createdTime>
<generatorID>6FDC51BF-D0AE-C8C4-61DF-2791130CE7F0</generatorID>
<ownerDesignName>modelo6</ownerDesignName>
<useDomainConstraints>false</useDomainConstraints>
<use>1</use>
<logicalDatatype>LOGDT024</logicalDatatype>
<dataTypeSize>50 BYTE</dataTypeSize>
<ownDataTypeParameters>50 BYTE,,</ownDataTypeParameters>
<autoIncrementCycle>false</autoIncrementCycle>
</Column>
<Column name="marca" id="1F19EBC6-2CF8-9D89-3AA4-0E51B893EC9A">
<createdBy>mcorteze</createdBy>
<createdTime>2024-09-17 01:26:54 UTC</createdTime>
<generatorID>48D2B0C2-867A-DA03-2E53-FC36D90A2D40</generatorID>
<ownerDesignName>modelo6</ownerDesignName>
<nullsAllowed>true</nullsAllowed>
<useDomainConstraints>false</useDomainConstraints>
<use>1</use>
<logicalDatatype>LOGDT024</logicalDatatype>
<dataTypeSize>50 BYTE</dataTypeSize>
<ownDataTypeParameters>50 BYTE,,</ownDataTypeParameters>
<autoIncrementCycle>false</autoIncrementCycle>
</Column>
<Column name="anio" id="1437C03E-2976-769A-560C-F317C1ADE9C2">
<createdBy>mcorteze</createdBy>
<createdTime>2024-09-17 01:26:54 UTC</createdTime>
<generatorID>14D43C79-E1EA-BFB7-C55C-6DD3771AF1C0</generatorID>
<ownerDesignName>modelo6</ownerDesignName>
<nullsAllowed>true</nullsAllowed>
<useDomainConstraints>false</useDomainConstraints>
<use>1</use>
<logicalDatatype>LOGDT011</logicalDatatype>
<ownDataTypeParameters>,,</ownDataTypeParameters>
<autoIncrementCycle>false</autoIncrementCycle>
</Column>
<Column name="color" id="54D565EB-FEEB-8487-FCE7-EC9ED13E37BF">
<createdBy>mcorteze</createdBy>
<createdTime>2024-09-17 01:26:54 UTC</createdTime>
<generatorID>05B2B1B8-9A31-D325-5392-5CEE4D68EBD3</generatorID>
<ownerDesignName>modelo6</ownerDesignName>
<nullsAllowed>true</nullsAllowed>
<useDomainConstraints>false</useDomainConstraints>
<use>1</use>
<logicalDatatype>LOGDT024</logicalDatatype>
<dataTypeSize>50 BYTE</dataTypeSize>
<ownDataTypeParameters>50 BYTE,,</ownDataTypeParameters>
<autoIncrementCycle>false</autoIncrementCycle>
</Column>
<Column name="CLIENTE_rut" id="9C3D845F-D400-4995-12C3-44377B490036">
<createdBy>mcorteze</createdBy>
<createdTime>2024-09-17 01:26:54 UTC</createdTime>
<generatorID>A53BD828-1F1A-A0F2-CD9E-63363E98A02E</generatorID>
<ownerDesignName>modelo6</ownerDesignName>
<useDomainConstraints>false</useDomainConstraints>
<use>1</use>
<logicalDatatype>LOGDT024</logicalDatatype>
<dataTypeSize>10 BYTE</dataTypeSize>
<ownDataTypeParameters>,,</ownDataTypeParameters>
<previousColumn>false</previousColumn>
<autoIncrementCycle>false</autoIncrementCycle>
<associations>
<colAssociation fkAssociation="5857A117-8FE2-0159-33FE-5756A3B0CB3A" referredColumn="16716E09-B55E-7B59-0CD9-5582A826C81D"/>
</associations>
</Column>
</columns>
<indexes itemClass="oracle.dbtools.crest.model.design.relational.Index">
<ind_PK_UK id="13FFE344-6200-7F81-D3DA-0FCE84D812B4" name="VEHICULO_PK">
<createdBy>mcorteze</createdBy>
<createdTime>2024-09-17 01:26:54 UTC</createdTime>
<generatorID>37265001-7A22-EB79-75C3-8DAD774E775A</generatorID>
<ownerDesignName>modelo6</ownerDesignName>
<pk>true</pk>
<indexState>Primary Constraint</indexState>
<isSurrogateKey>false</isSurrogateKey>
<indexColumnUsage>
<colUsage columnID="4CD05582-09A9-5C94-A4DB-9FEC070FB0DE"/>
</indexColumnUsage>
</ind_PK_UK>
<ind_PK_UK id="A79E5CAA-83FF-8199-2888-D43C25D0F25A" name="VEHICULO_CLIENTE_FK">
<createdBy>mcorteze</createdBy>
<createdTime>2024-09-17 01:26:54 UTC</createdTime>
<generatorID>499F7F53-918E-F431-B31B-7AC55635A208</generatorID>
<ownerDesignName>modelo6</ownerDesignName>
<indexState>Foreign Key</indexState>
<isSurrogateKey>false</isSurrogateKey>
<indexColumnUsage>
<colUsage columnID="9C3D845F-D400-4995-12C3-44377B490036"/>
</indexColumnUsage>
</ind_PK_UK>
</indexes>
</Table>