<?xml version = '1.0' encoding = 'UTF-8'?>
<Table class="oracle.dbtools.crest.model.design.relational.Table" directorySegmentName="seg_0" id="8E354C2E-731B-01CE-3FAB-ED8A2E040DEF" name="ORDEN_SERVICIO">
<createdBy>mcorteze</createdBy>
<createdTime>2024-09-17 01:26:54 UTC</createdTime>
<generatorID>AA637E0E-38F9-DD30-36D2-C3D7CA7F7394</generatorID>
<ownerDesignName>modelo6</ownerDesignName>
<allowColumnReorder>false</allowColumnReorder>
<existDependencyGenerateInDDl>true</existDependencyGenerateInDDl>
<parsed>true</parsed>
<columns itemClass="oracle.dbtools.crest.model.design.relational.Column">
<Column name="ORDEN_cod_orden" id="5898C2FA-A791-AC90-9A9D-E9189B7F63D2">
<createdBy>mcorteze</createdBy>
<createdTime>2024-09-17 01:26:54 UTC</createdTime>
<generatorID>AC1AD076-51CE-CDCA-6D44-814E7C8157FD</generatorID>
<ownerDesignName>modelo6</ownerDesignName>
<useDomainConstraints>false</useDomainConstraints>
<use>1</use>
<logicalDatatype>LOGDT024</logicalDatatype>
<dataTypeSize>6 BYTE</dataTypeSize>
<ownDataTypeParameters>,,</ownDataTypeParameters>
<previousColumn>false</previousColumn>
<autoIncrementCycle>false</autoIncrementCycle>
<associations>
<colAssociation fkAssociation="B05E2691-0A56-CE98-6834-8C90FF37C30D" referredColumn="D52BE457-3C1F-8F2B-DF92-8FA3728188A5"/>
</associations>
</Column>
<Column name="SERVICIO_cod_servicio" id="0D3346F1-15D6-08DD-77DA-1AE9CF601BF0">
<createdBy>mcorteze</createdBy>
<createdTime>2024-09-17 01:26:54 UTC</createdTime>
<generatorID>AFD8AA55-BBD6-59EE-CFCB-C9546D6B8F36</generatorID>
<ownerDesignName>modelo6</ownerDesignName>
<useDomainConstraints>false</useDomainConstraints>
<use>1</use>
<logicalDatatype>LOGDT024</logicalDatatype>
<dataTypeSize>6 BYTE</dataTypeSize>
<ownDataTypeParameters>,,</ownDataTypeParameters>
<previousColumn>false</previousColumn>
<autoIncrementCycle>false</autoIncrementCycle>
<associations>
<colAssociation fkAssociation="EAE9B7EE-B544-FDE9-B1F5-F6B8319F403D" referredColumn="19F317EF-B5F0-C58E-B574-F37BBAB9ECEA"/>
</associations>
</Column>
</columns>
<indexes itemClass="oracle.dbtools.crest.model.design.relational.Index">
<ind_PK_UK id="E8CFBD1A-1A13-C0E8-9C3E-1A65D9AE5F9D" name="ORDEN_SERVICIO_ORDEN_FK">
<createdBy>mcorteze</createdBy>
<createdTime>2024-09-17 01:26:54 UTC</createdTime>
<generatorID>CD0CC1F9-A128-6DEB-361F-CFF8889D15C8</generatorID>
<ownerDesignName>modelo6</ownerDesignName>
<indexState>Foreign Key</indexState>
<isSurrogateKey>false</isSurrogateKey>
<indexColumnUsage>
<colUsage columnID="5898C2FA-A791-AC90-9A9D-E9189B7F63D2"/>
</indexColumnUsage>
</ind_PK_UK>
<ind_PK_UK id="6BFEF219-2359-4E9E-1D2B-B73D72FCE7FD" name="ORDEN_SERVICIO_SERVICIO_FK">
<createdBy>mcorteze</createdBy>
<createdTime>2024-09-17 01:26:54 UTC</createdTime>
<generatorID>028F42A5-F744-7F46-1650-98C71E554B4E</generatorID>
<ownerDesignName>modelo6</ownerDesignName>
<indexState>Foreign Key</indexState>
<isSurrogateKey>false</isSurrogateKey>
<indexColumnUsage>
<colUsage columnID="0D3346F1-15D6-08DD-77DA-1AE9CF601BF0"/>
</indexColumnUsage>
</ind_PK_UK>
</indexes>
</Table>