<?xml version = '1.0' encoding = 'UTF-8'?>
<Relation class="oracle.dbtools.crest.model.design.logical.Relation" name="Relation_10" directorySegmentName="seg_0" id="0A70EEF7-ADC3-3374-4F3A-CB7EC3291EB0">
<createdBy>mcorteze</createdBy>
<createdTime>2024-09-03 02:21:50 UTC</createdTime>
<ownerDesignName>modelo</ownerDesignName>
<engineerTo>
<item key="D2BF708D-E1E4-9C66-30B8-B77EF258935E" value="true"/>
</engineerTo>
<sourcePk>5DD176FA-0909-8C24-C3EA-FD670462AF6A</sourcePk>
<identifying>false</identifying>
<optionalSource>true</optionalSource>
<optionalTarget>false</optionalTarget>
<sourceCardinality>1</sourceCardinality>
<sourceEntity>89E258E5-558F-FBB5-62FF-044639A166A2</sourceEntity>
<targetCardinalityString>*</targetCardinalityString>
<targetEntity>DA85EA6A-F818-9938-101A-55E71820F207</targetEntity>
<transferable>true</transferable>
<deleteRule>NO ACTION</deleteRule>
</Relation>