<?xml version = '1.0' encoding = 'UTF-8'?>
<Relation class="oracle.dbtools.crest.model.design.logical.Relation" name="Relation_1" directorySegmentName="seg_0" id="16BFB7D2-8C03-05A3-CC73-CCCBAF9B7121">
<createdBy>mcorteze</createdBy>
<createdTime>2024-09-02 21:06:42 UTC</createdTime>
<ownerDesignName>modelo</ownerDesignName>
<engineerTo>
<item key="D2BF708D-E1E4-9C66-30B8-B77EF258935E" value="true"/>
</engineerTo>
<sourcePk>A3B81030-9BC8-294D-0657-541955B4FE1E</sourcePk>
<identifying>false</identifying>
<optionalSource>true</optionalSource>
<optionalTarget>false</optionalTarget>
<sourceCardinality>1</sourceCardinality>
<sourceEntity>E17C79CD-60C2-99C6-E753-E3967A2DA601</sourceEntity>
<targetCardinalityString>*</targetCardinalityString>
<targetEntity>F26951DA-B752-BA42-45F0-96774C8BD5E8</targetEntity>
<transferable>true</transferable>
<deleteRule>NO ACTION</deleteRule>
</Relation>