<?xml version = '1.0' encoding = 'UTF-8'?>
<Relation class="oracle.dbtools.crest.model.design.logical.Relation" name="Relation_2" directorySegmentName="seg_0" id="43C11E00-4686-A97B-11F4-C8D3190C1D93">
<createdBy>mcorteze</createdBy>
<createdTime>2024-09-02 21:10:23 UTC</createdTime>
<ownerDesignName>modelo</ownerDesignName>
<engineerTo>
<item key="D2BF708D-E1E4-9C66-30B8-B77EF258935E" value="true"/>
</engineerTo>
<sourcePk>A3B81030-9BC8-294D-0657-541955B4FE1E</sourcePk>
<identifying>false</identifying>
<optionalSource>true</optionalSource>
<optionalTarget>false</optionalTarget>
<sourceCardinality>1</sourceCardinality>
<sourceEntity>E17C79CD-60C2-99C6-E753-E3967A2DA601</sourceEntity>
<targetCardinalityString>*</targetCardinalityString>
<targetEntity>89E258E5-558F-FBB5-62FF-044639A166A2</targetEntity>
<transferable>true</transferable>
<deleteRule>NO ACTION</deleteRule>
</Relation>