<?xml version = '1.0' encoding = 'UTF-8'?>
<Relation class="oracle.dbtools.crest.model.design.logical.Relation" name="Relation_7" directorySegmentName="seg_0" id="63C3F78B-C985-3859-241E-424CCE2A75BB">
<createdBy>mcorteze</createdBy>
<createdTime>2024-09-02 21:27:19 UTC</createdTime>
<ownerDesignName>modelo</ownerDesignName>
<engineerTo>
<item key="D2BF708D-E1E4-9C66-30B8-B77EF258935E" value="true"/>
</engineerTo>
<sourcePk>5DD176FA-0909-8C24-C3EA-FD670462AF6A</sourcePk>
<identifying>false</identifying>
<optionalSource>true</optionalSource>
<optionalTarget>false</optionalTarget>
<sourceCardinality>1</sourceCardinality>
<sourceEntity>89E258E5-558F-FBB5-62FF-044639A166A2</sourceEntity>
<targetCardinalityString>*</targetCardinalityString>
<targetEntity>C32F12F4-B0DA-5119-4C6C-0E23DA056E96</targetEntity>
<transferable>true</transferable>
<deleteRule>NO ACTION</deleteRule>
</Relation>