<?xml version = '1.0' encoding = 'UTF-8'?>
<Relation class="oracle.dbtools.crest.model.design.logical.Relation" name="Relation_6" directorySegmentName="seg_0" id="9AD94E41-46FE-EE75-91E5-581FDC789AFD">
<createdBy>mcorteze</createdBy>
<createdTime>2024-09-02 21:25:14 UTC</createdTime>
<ownerDesignName>modelo</ownerDesignName>
<engineerTo>
<item key="D2BF708D-E1E4-9C66-30B8-B77EF258935E" value="true"/>
</engineerTo>
<identifying>false</identifying>
<optionalSource>true</optionalSource>
<optionalTarget>false</optionalTarget>
<sourceCardinality>1</sourceCardinality>
<sourceEntity>217559BB-4747-069B-5DA7-002ACA35751D</sourceEntity>
<targetCardinalityString>*</targetCardinalityString>
<targetEntity>DA22AF0B-3E1B-A6A4-1472-31B83DC91E63</targetEntity>
<transferable>true</transferable>
<deleteRule>NO ACTION</deleteRule>
</Relation>