<?xml version = '1.0' encoding = 'UTF-8'?>
<Relation class="oracle.dbtools.crest.model.design.logical.Relation" name="Relation_5" directorySegmentName="seg_0" id="EEDF07CF-C351-0728-778B-67C245D951E3">
<createdBy>mcorteze</createdBy>
<createdTime>2024-09-02 21:24:40 UTC</createdTime>
<ownerDesignName>modelo</ownerDesignName>
<engineerTo>
<item key="D2BF708D-E1E4-9C66-30B8-B77EF258935E" value="true"/>
</engineerTo>
<sourcePk>5DD176FA-0909-8C24-C3EA-FD670462AF6A</sourcePk>
<identifying>false</identifying>
<optionalSource>true</optionalSource>
<optionalTarget>false</optionalTarget>
<sourceCardinality>*</sourceCardinality>
<sourceEntity>89E258E5-558F-FBB5-62FF-044639A166A2</sourceEntity>
<targetCardinalityString>1</targetCardinalityString>
<targetEntity>217559BB-4747-069B-5DA7-002ACA35751D</targetEntity>
<transferable>true</transferable>
<deleteRule>NO ACTION</deleteRule>
</Relation>