<?xml version = '1.0' encoding = 'UTF-8'?>
<Relation class="oracle.dbtools.crest.model.design.logical.Relation" name="Relation_3" directorySegmentName="seg_0" id="EF8C3838-9FDB-4326-C3C5-0EB4078C212C">
<createdBy>mcorteze</createdBy>
<createdTime>2024-09-02 21:11:50 UTC</createdTime>
<ownerDesignName>modelo</ownerDesignName>
<engineerTo>
<item key="D2BF708D-E1E4-9C66-30B8-B77EF258935E" value="true"/>
</engineerTo>
<sourcePk>27CAB502-894F-69FC-8593-73FB0BAD5310</sourcePk>
<identifying>false</identifying>
<optionalSource>true</optionalSource>
<optionalTarget>false</optionalTarget>
<sourceCardinality>1</sourceCardinality>
<sourceEntity>F26951DA-B752-BA42-45F0-96774C8BD5E8</sourceEntity>
<targetCardinalityString>*</targetCardinalityString>
<targetEntity>89E258E5-558F-FBB5-62FF-044639A166A2</targetEntity>
<transferable>true</transferable>
<deleteRule>NO ACTION</deleteRule>
</Relation>