<?xml version = '1.0' encoding = 'UTF-8'?>
<Relation class="oracle.dbtools.crest.model.design.logical.Relation" name="Relation_3" directorySegmentName="seg_0" id="58906A38-C365-A46D-EF95-B3BE038D36DA">
<createdBy>mcorteze</createdBy>
<createdTime>2024-10-01 03:38:00 UTC</createdTime>
<ownerDesignName>modelo_semana8</ownerDesignName>
<engineerTo>
<item key="AB07EB58-40FC-4E9B-1099-E637EF8A7277" value="true"/>
</engineerTo>
<sourcePk>F1A0EF16-439B-2EE7-661F-0C987F0C374C</sourcePk>
<identifying>true</identifying>
<optionalSource>true</optionalSource>
<optionalTarget>false</optionalTarget>
<sourceCardinality>1</sourceCardinality>
<sourceEntity>E872E05B-6D16-9752-8A82-E46B2E727214</sourceEntity>
<targetCardinalityString>*</targetCardinalityString>
<targetEntity>D2168D06-B33F-6315-F8BA-CDC74FD3942E</targetEntity>
<transferable>true</transferable>
<deleteRule>NO ACTION</deleteRule>
</Relation>