<?xml version = '1.0' encoding = 'UTF-8'?>
<Entity class="oracle.dbtools.crest.model.design.logical.Entity" directorySegmentName="seg_0" id="89E258E5-558F-FBB5-62FF-044639A166A2" name="Orden">
<createdBy>mcorteze</createdBy>
<createdTime>2024-09-02 20:49:25 UTC</createdTime>
<notes><![CDATA[Orden de atencion]]></notes>
<ownerDesignName>modelo</ownerDesignName>
<engineerTo>
<item key="D2BF708D-E1E4-9C66-30B8-B77EF258935E" value="true"/>
</engineerTo>
<adequatelyNormalized>NO</adequatelyNormalized>
<expectedVolumes>0</expectedVolumes>
<fwdEngineeringStrategyName>Single Table</fwdEngineeringStrategyName>
<growthPercent>0</growthPercent>
<growthType>Year</growthType>
<maxVolumes>9999999</maxVolumes>
<minVolumes>0</minVolumes>
<normalForm>Third</normalForm>
<attributes itemClass="oracle.dbtools.crest.model.design.logical.Attribute">
<Attribute name="id_orden" id="42D39BEB-7298-2816-4391-17AABA8D857B">
<createdBy>mcorteze</createdBy>
<createdTime>2024-09-02 20:49:51 UTC</createdTime>
<ownerDesignName>modelo</ownerDesignName>
<engineerTo>
<item key="D2BF708D-E1E4-9C66-30B8-B77EF258935E" value="true"/>
</engineerTo>
<useDomainConstraints>false</useDomainConstraints>
<use>1</use>
<logicalDatatype>LOGDT019</logicalDatatype>
<ownDataTypeParameters>,,</ownDataTypeParameters>
</Attribute>
<Attribute name="fecha_creacion" id="FA12F327-07BD-3C67-51F1-D6A2E7FC1118">
<createdBy>mcorteze</createdBy>
<createdTime>2024-09-02 20:50:47 UTC</createdTime>
<ownerDesignName>modelo</ownerDesignName>
<engineerTo>
<item key="D2BF708D-E1E4-9C66-30B8-B77EF258935E" value="true"/>
</engineerTo>
<useDomainConstraints>false</useDomainConstraints>
<use>1</use>
<logicalDatatype>LOGDT008</logicalDatatype>
<ownDataTypeParameters>,,</ownDataTypeParameters>
</Attribute>
<Attribute name="estado_general" id="6C6812AF-BA4A-9EE3-56D7-F9FCB2441577">
<createdBy>mcorteze</createdBy>
<createdTime>2024-09-02 20:51:23 UTC</createdTime>
<ownerDesignName>modelo</ownerDesignName>
<engineerTo>
<item key="D2BF708D-E1E4-9C66-30B8-B77EF258935E" value="true"/>
</engineerTo>
<useDomainConstraints>false</useDomainConstraints>
<use>1</use>
<logicalDatatype>LOGDT024</logicalDatatype>
<dataTypeSize>50</dataTypeSize>
<ownDataTypeParameters>50,,</ownDataTypeParameters>
</Attribute>
<Attribute name="rut" id="6CC30776-0659-CFA6-A698-A2F4B423ABBA">
<createdBy>mcorteze</createdBy>
<createdTime>2024-09-02 21:10:23 UTC</createdTime>
<generatorID>43C11E00-4686-A97B-11F4-C8D3190C1D93</generatorID>
<ownerDesignName>modelo</ownerDesignName>
<engineerTo>
<item key="D2BF708D-E1E4-9C66-30B8-B77EF258935E" value="true"/>
</engineerTo>
<referedAttribute>21948419-A6D0-D456-3E99-0C8B20FEBFA5</referedAttribute>
<useDomainConstraints>false</useDomainConstraints>
<use>1</use>
<logicalDatatype>LOGDT024</logicalDatatype>
<dataTypeSize>10</dataTypeSize>
<ownDataTypeParameters>,,</ownDataTypeParameters>
</Attribute>
<Attribute name="patente" id="CAC2140C-93BC-27B5-AC78-DA2D559EFA92">
<createdBy>mcorteze</createdBy>
<createdTime>2024-09-02 21:11:50 UTC</createdTime>
<generatorID>EF8C3838-9FDB-4326-C3C5-0EB4078C212C</generatorID>
<ownerDesignName>modelo</ownerDesignName>
<engineerTo>
<item key="D2BF708D-E1E4-9C66-30B8-B77EF258935E" value="true"/>
</engineerTo>
<referedAttribute>C5A03A49-D72A-DF70-E30E-E4020A42CF93</referedAttribute>
<useDomainConstraints>false</useDomainConstraints>
<use>1</use>
<logicalDatatype>LOGDT024</logicalDatatype>
<dataTypeSize>50</dataTypeSize>
<ownDataTypeParameters>,,</ownDataTypeParameters>
</Attribute>
</attributes>
<identifiers itemClass="oracle.dbtools.crest.model.design.logical.CandidateKey">
<identifier id="5DD176FA-0909-8C24-C3EA-FD670462AF6A" name="Orden PK">
<createdBy>mcorteze</createdBy>
<createdTime>2024-09-02 20:50:44 UTC</createdTime>
<ownerDesignName>modelo</ownerDesignName>
<shouldEngineer>false</shouldEngineer>
<engineerTo>
<item key="D2BF708D-E1E4-9C66-30B8-B77EF258935E" value="false"/>
</engineerTo>
<pk>true</pk>
<usedAttributes>
<attributeRef>42D39BEB-7298-2816-4391-17AABA8D857B</attributeRef>
</usedAttributes>
</identifier>
</identifiers>
</Entity>