<?xml version = '1.0' encoding = 'UTF-8'?>
<Entity class="oracle.dbtools.crest.model.design.logical.Entity" directorySegmentName="seg_0" id="C32F12F4-B0DA-5119-4C6C-0E23DA056E96" name="Seguimiento">
<createdBy>mcorteze</createdBy>
<createdTime>2024-09-02 21:03:52 UTC</createdTime>
<ownerDesignName>modelo</ownerDesignName>
<engineerTo>
<item key="D2BF708D-E1E4-9C66-30B8-B77EF258935E" value="true"/>
</engineerTo>
<adequatelyNormalized>NO</adequatelyNormalized>
<expectedVolumes>0</expectedVolumes>
<fwdEngineeringStrategyName>Single Table</fwdEngineeringStrategyName>
<growthPercent>0</growthPercent>
<growthType>Year</growthType>
<maxVolumes>9999999</maxVolumes>
<minVolumes>0</minVolumes>
<normalForm>Third</normalForm>
<attributes itemClass="oracle.dbtools.crest.model.design.logical.Attribute">
<Attribute name="id_seguimiento" id="6ECCB5F7-4737-6AB9-2643-4B2B35063EFE">
<createdBy>mcorteze</createdBy>
<createdTime>2024-09-02 21:04:00 UTC</createdTime>
<ownerDesignName>modelo</ownerDesignName>
<engineerTo>
<item key="D2BF708D-E1E4-9C66-30B8-B77EF258935E" value="true"/>
</engineerTo>
<useDomainConstraints>false</useDomainConstraints>
<use>1</use>
<logicalDatatype>LOGDT019</logicalDatatype>
<ownDataTypeParameters>,,</ownDataTypeParameters>
</Attribute>
<Attribute name="estado_especifico" id="8C34C213-8EE7-0F6B-1A59-34CAD5DA5A52">
<createdBy>mcorteze</createdBy>
<createdTime>2024-09-02 21:04:23 UTC</createdTime>
<ownerDesignName>modelo</ownerDesignName>
<engineerTo>
<item key="D2BF708D-E1E4-9C66-30B8-B77EF258935E" value="true"/>
</engineerTo>
<useDomainConstraints>false</useDomainConstraints>
<use>1</use>
<logicalDatatype>LOGDT024</logicalDatatype>
<dataTypeSize>50</dataTypeSize>
<ownDataTypeParameters>50,,</ownDataTypeParameters>
</Attribute>
<Attribute name="fecha_actualizacion" id="AF37276F-2C11-0339-6217-0E6A64570231">
<createdBy>mcorteze</createdBy>
<createdTime>2024-09-02 21:04:41 UTC</createdTime>
<ownerDesignName>modelo</ownerDesignName>
<engineerTo>
<item key="D2BF708D-E1E4-9C66-30B8-B77EF258935E" value="true"/>
</engineerTo>
<useDomainConstraints>false</useDomainConstraints>
<use>1</use>
<logicalDatatype>LOGDT008</logicalDatatype>
<ownDataTypeParameters>,,</ownDataTypeParameters>
</Attribute>
<Attribute name="id_orden" id="A0CBA244-449C-1D9F-28A3-C89EDBEE6646">
<createdBy>mcorteze</createdBy>
<createdTime>2024-09-02 21:27:19 UTC</createdTime>
<generatorID>63C3F78B-C985-3859-241E-424CCE2A75BB</generatorID>
<ownerDesignName>modelo</ownerDesignName>
<engineerTo>
<item key="D2BF708D-E1E4-9C66-30B8-B77EF258935E" value="true"/>
</engineerTo>
<referedAttribute>42D39BEB-7298-2816-4391-17AABA8D857B</referedAttribute>
<useDomainConstraints>false</useDomainConstraints>
<use>1</use>
<logicalDatatype>LOGDT019</logicalDatatype>
<ownDataTypeParameters>,,</ownDataTypeParameters>
</Attribute>
</attributes>
<identifiers itemClass="oracle.dbtools.crest.model.design.logical.CandidateKey">
<identifier id="69AB1404-BDEE-BC16-7082-202F4CFAD9C4" name="Seguimiento PK">
<createdBy>mcorteze</createdBy>
<createdTime>2024-09-02 21:04:16 UTC</createdTime>
<ownerDesignName>modelo</ownerDesignName>
<shouldEngineer>false</shouldEngineer>
<engineerTo>
<item key="D2BF708D-E1E4-9C66-30B8-B77EF258935E" value="false"/>
</engineerTo>
<pk>true</pk>
<usedAttributes>
<attributeRef>6ECCB5F7-4737-6AB9-2643-4B2B35063EFE</attributeRef>
</usedAttributes>
</identifier>
</identifiers>
</Entity>