<?xml version = '1.0' encoding = 'UTF-8'?>
<Entity class="oracle.dbtools.crest.model.design.logical.Entity" directorySegmentName="seg_0" id="DA85EA6A-F818-9938-101A-55E71820F207" name="Repuesto">
<createdBy>mcorteze</createdBy>
<createdTime>2024-09-02 20:54:59 UTC</createdTime>
<ownerDesignName>modelo</ownerDesignName>
<engineerTo>
<item key="D2BF708D-E1E4-9C66-30B8-B77EF258935E" value="true"/>
</engineerTo>
<adequatelyNormalized>NO</adequatelyNormalized>
<expectedVolumes>0</expectedVolumes>
<fwdEngineeringStrategyName>Single Table</fwdEngineeringStrategyName>
<growthPercent>0</growthPercent>
<growthType>Year</growthType>
<maxVolumes>9999999</maxVolumes>
<minVolumes>0</minVolumes>
<normalForm>Third</normalForm>
<attributes itemClass="oracle.dbtools.crest.model.design.logical.Attribute">
<Attribute name="id_repuesto" id="2949A990-5269-740B-A66D-754D4597362F">
<createdBy>mcorteze</createdBy>
<createdTime>2024-09-02 20:55:10 UTC</createdTime>
<ownerDesignName>modelo</ownerDesignName>
<engineerTo>
<item key="D2BF708D-E1E4-9C66-30B8-B77EF258935E" value="true"/>
</engineerTo>
<useDomainConstraints>false</useDomainConstraints>
<use>1</use>
<logicalDatatype>LOGDT024</logicalDatatype>
<dataTypeSize>50</dataTypeSize>
<ownDataTypeParameters>50,,</ownDataTypeParameters>
</Attribute>
<Attribute name="nombre" id="080DABC5-AA6C-8D0F-FDE9-A3B92209657F">
<createdBy>mcorteze</createdBy>
<createdTime>2024-09-02 20:55:31 UTC</createdTime>
<ownerDesignName>modelo</ownerDesignName>
<engineerTo>
<item key="D2BF708D-E1E4-9C66-30B8-B77EF258935E" value="true"/>
</engineerTo>
<useDomainConstraints>false</useDomainConstraints>
<use>1</use>
<logicalDatatype>LOGDT024</logicalDatatype>
<dataTypeSize>50</dataTypeSize>
<ownDataTypeParameters>50,,</ownDataTypeParameters>
</Attribute>
<Attribute name="descripcion" id="C5CC0937-620C-DB65-2F1E-B0A880E66E4F">
<createdBy>mcorteze</createdBy>
<createdTime>2024-09-02 20:55:43 UTC</createdTime>
<ownerDesignName>modelo</ownerDesignName>
<engineerTo>
<item key="D2BF708D-E1E4-9C66-30B8-B77EF258935E" value="true"/>
</engineerTo>
<nullsAllowed>true</nullsAllowed>
<useDomainConstraints>false</useDomainConstraints>
<use>1</use>
<logicalDatatype>LOGDT024</logicalDatatype>
<dataTypeSize>100</dataTypeSize>
<ownDataTypeParameters>100,,</ownDataTypeParameters>
</Attribute>
<Attribute name="precio" id="BFADB6F1-567D-6E64-6304-820435F22B16">
<createdBy>mcorteze</createdBy>
<createdTime>2024-09-02 20:56:04 UTC</createdTime>
<ownerDesignName>modelo</ownerDesignName>
<engineerTo>
<item key="D2BF708D-E1E4-9C66-30B8-B77EF258935E" value="true"/>
</engineerTo>
<useDomainConstraints>false</useDomainConstraints>
<use>1</use>
<logicalDatatype>LOGDT019</logicalDatatype>
<ownDataTypeParameters>,,</ownDataTypeParameters>
</Attribute>
<Attribute name="id_orden" id="A3E47E63-D603-7BCE-B23E-C4BE32F0CA33">
<createdBy>mcorteze</createdBy>
<createdTime>2024-09-03 02:21:50 UTC</createdTime>
<generatorID>0A70EEF7-ADC3-3374-4F3A-CB7EC3291EB0</generatorID>
<ownerDesignName>modelo</ownerDesignName>
<engineerTo>
<item key="D2BF708D-E1E4-9C66-30B8-B77EF258935E" value="true"/>
</engineerTo>
<referedAttribute>42D39BEB-7298-2816-4391-17AABA8D857B</referedAttribute>
<useDomainConstraints>false</useDomainConstraints>
<use>1</use>
<logicalDatatype>LOGDT019</logicalDatatype>
<ownDataTypeParameters>,,</ownDataTypeParameters>
</Attribute>
</attributes>
<identifiers itemClass="oracle.dbtools.crest.model.design.logical.CandidateKey">
<identifier id="7D2BBEC2-3659-5A17-0A4F-E5554423FB5A" name="Repuesto PK">
<createdBy>mcorteze</createdBy>
<createdTime>2024-09-02 20:55:27 UTC</createdTime>
<ownerDesignName>modelo</ownerDesignName>
<shouldEngineer>false</shouldEngineer>
<engineerTo>
<item key="D2BF708D-E1E4-9C66-30B8-B77EF258935E" value="false"/>
</engineerTo>
<pk>true</pk>
<usedAttributes>
<attributeRef>2949A990-5269-740B-A66D-754D4597362F</attributeRef>
</usedAttributes>
</identifier>
</identifiers>
</Entity>