<?xml version = '1.0' encoding = 'UTF-8'?>
<Entity class="oracle.dbtools.crest.model.design.logical.Entity" directorySegmentName="seg_0" id="E17C79CD-60C2-99C6-E753-E3967A2DA601" name="Cliente">
<createdBy>mcorteze</createdBy>
<createdTime>2024-09-02 20:38:19 UTC</createdTime>
<ownerDesignName>modelo</ownerDesignName>
<engineerTo>
<item key="D2BF708D-E1E4-9C66-30B8-B77EF258935E" value="true"/>
</engineerTo>
<adequatelyNormalized>NO</adequatelyNormalized>
<expectedVolumes>0</expectedVolumes>
<fwdEngineeringStrategyName>Single Table</fwdEngineeringStrategyName>
<growthPercent>0</growthPercent>
<growthType>Year</growthType>
<maxVolumes>9999999</maxVolumes>
<minVolumes>0</minVolumes>
<normalForm>Third</normalForm>
<attributes itemClass="oracle.dbtools.crest.model.design.logical.Attribute">
<Attribute name="rut" id="21948419-A6D0-D456-3E99-0C8B20FEBFA5">
<createdBy>mcorteze</createdBy>
<createdTime>2024-09-02 20:38:40 UTC</createdTime>
<ownerDesignName>modelo</ownerDesignName>
<engineerTo>
<item key="D2BF708D-E1E4-9C66-30B8-B77EF258935E" value="true"/>
</engineerTo>
<useDomainConstraints>false</useDomainConstraints>
<use>1</use>
<logicalDatatype>LOGDT024</logicalDatatype>
<dataTypeSize>10</dataTypeSize>
<ownDataTypeParameters>10,,</ownDataTypeParameters>
</Attribute>
<Attribute name="nombres" id="2A82C8CE-749D-A019-C0D5-8EA48908B8A1">
<createdBy>mcorteze</createdBy>
<createdTime>2024-09-02 20:39:38 UTC</createdTime>
<ownerDesignName>modelo</ownerDesignName>
<engineerTo>
<item key="D2BF708D-E1E4-9C66-30B8-B77EF258935E" value="true"/>
</engineerTo>
<useDomainConstraints>false</useDomainConstraints>
<use>1</use>
<logicalDatatype>LOGDT024</logicalDatatype>
<dataTypeSize>50</dataTypeSize>
<ownDataTypeParameters>50,,</ownDataTypeParameters>
</Attribute>
<Attribute name="apellidos" id="F07E2A93-F0B0-3E87-BE40-BF8BAD5B6094">
<createdBy>mcorteze</createdBy>
<createdTime>2024-09-02 20:42:35 UTC</createdTime>
<ownerDesignName>modelo</ownerDesignName>
<engineerTo>
<item key="D2BF708D-E1E4-9C66-30B8-B77EF258935E" value="true"/>
</engineerTo>
<useDomainConstraints>false</useDomainConstraints>
<use>1</use>
<logicalDatatype>LOGDT024</logicalDatatype>
<dataTypeSize>50</dataTypeSize>
<ownDataTypeParameters>50,,</ownDataTypeParameters>
</Attribute>
<Attribute name="domicilio" id="4CC39F89-1DC8-A5BC-C76E-A10F22E7AF3C">
<createdBy>mcorteze</createdBy>
<createdTime>2024-09-02 20:43:18 UTC</createdTime>
<ownerDesignName>modelo</ownerDesignName>
<engineerTo>
<item key="D2BF708D-E1E4-9C66-30B8-B77EF258935E" value="true"/>
</engineerTo>
<useDomainConstraints>false</useDomainConstraints>
<use>1</use>
<logicalDatatype>LOGDT024</logicalDatatype>
<dataTypeSize>100</dataTypeSize>
<ownDataTypeParameters>100,,</ownDataTypeParameters>
</Attribute>
<Attribute name="telefono" id="58A1B749-090F-929F-DF70-0F4C2CB9988E">
<createdBy>mcorteze</createdBy>
<createdTime>2024-09-02 20:43:37 UTC</createdTime>
<ownerDesignName>modelo</ownerDesignName>
<engineerTo>
<item key="D2BF708D-E1E4-9C66-30B8-B77EF258935E" value="true"/>
</engineerTo>
<useDomainConstraints>false</useDomainConstraints>
<use>1</use>
<logicalDatatype>LOGDT019</logicalDatatype>
<ownDataTypeParameters>,,</ownDataTypeParameters>
</Attribute>
<Attribute name="email" id="8D499695-2B23-B2FC-7DDD-34B4F4125398">
<createdBy>mcorteze</createdBy>
<createdTime>2024-09-02 20:44:06 UTC</createdTime>
<ownerDesignName>modelo</ownerDesignName>
<engineerTo>
<item key="D2BF708D-E1E4-9C66-30B8-B77EF258935E" value="true"/>
</engineerTo>
<nullsAllowed>true</nullsAllowed>
<useDomainConstraints>false</useDomainConstraints>
<use>1</use>
<logicalDatatype>LOGDT024</logicalDatatype>
<dataTypeSize>50</dataTypeSize>
<ownDataTypeParameters>50,,</ownDataTypeParameters>
</Attribute>
</attributes>
<identifiers itemClass="oracle.dbtools.crest.model.design.logical.CandidateKey">
<identifier id="A3B81030-9BC8-294D-0657-541955B4FE1E" name="Cliente PK">
<createdBy>mcorteze</createdBy>
<createdTime>2024-09-02 20:41:27 UTC</createdTime>
<ownerDesignName>modelo</ownerDesignName>
<shouldEngineer>false</shouldEngineer>
<engineerTo>
<item key="D2BF708D-E1E4-9C66-30B8-B77EF258935E" value="false"/>
</engineerTo>
<pk>true</pk>
<usedAttributes>
<attributeRef>21948419-A6D0-D456-3E99-0C8B20FEBFA5</attributeRef>
</usedAttributes>
</identifier>
</identifiers>
</Entity>