<?xml version = '1.0' encoding = 'UTF-8'?>
<Entity class="oracle.dbtools.crest.model.design.logical.Entity" directorySegmentName="seg_0" id="F26951DA-B752-BA42-45F0-96774C8BD5E8" name="Vehiculo">
<createdBy>mcorteze</createdBy>
<createdTime>2024-09-02 20:45:47 UTC</createdTime>
<ownerDesignName>modelo</ownerDesignName>
<engineerTo>
<item key="D2BF708D-E1E4-9C66-30B8-B77EF258935E" value="true"/>
</engineerTo>
<adequatelyNormalized>NO</adequatelyNormalized>
<expectedVolumes>0</expectedVolumes>
<fwdEngineeringStrategyName>Single Table</fwdEngineeringStrategyName>
<growthPercent>0</growthPercent>
<growthType>Year</growthType>
<maxVolumes>9999999</maxVolumes>
<minVolumes>0</minVolumes>
<normalForm>Third</normalForm>
<attributes itemClass="oracle.dbtools.crest.model.design.logical.Attribute">
<Attribute name="patente" id="C5A03A49-D72A-DF70-E30E-E4020A42CF93">
<createdBy>mcorteze</createdBy>
<createdTime>2024-09-02 20:46:07 UTC</createdTime>
<ownerDesignName>modelo</ownerDesignName>
<engineerTo>
<item key="D2BF708D-E1E4-9C66-30B8-B77EF258935E" value="true"/>
</engineerTo>
<useDomainConstraints>false</useDomainConstraints>
<use>1</use>
<logicalDatatype>LOGDT024</logicalDatatype>
<dataTypeSize>50</dataTypeSize>
<ownDataTypeParameters>50,,</ownDataTypeParameters>
</Attribute>
<Attribute name="marca" id="C52560CF-383E-6E1B-93E1-EE3A141930CF">
<createdBy>mcorteze</createdBy>
<createdTime>2024-09-02 20:46:30 UTC</createdTime>
<ownerDesignName>modelo</ownerDesignName>
<engineerTo>
<item key="D2BF708D-E1E4-9C66-30B8-B77EF258935E" value="true"/>
</engineerTo>
<useDomainConstraints>false</useDomainConstraints>
<use>1</use>
<logicalDatatype>LOGDT024</logicalDatatype>
<dataTypeSize>50</dataTypeSize>
<ownDataTypeParameters>50,,</ownDataTypeParameters>
</Attribute>
<Attribute name="modelo" id="D7476C40-54BB-E5DA-FD58-F88A03F84DD4">
<createdBy>mcorteze</createdBy>
<createdTime>2024-09-02 20:46:47 UTC</createdTime>
<ownerDesignName>modelo</ownerDesignName>
<engineerTo>
<item key="D2BF708D-E1E4-9C66-30B8-B77EF258935E" value="true"/>
</engineerTo>
<useDomainConstraints>false</useDomainConstraints>
<use>1</use>
<logicalDatatype>LOGDT024</logicalDatatype>
<dataTypeSize>50</dataTypeSize>
<ownDataTypeParameters>50,,</ownDataTypeParameters>
</Attribute>
<Attribute name="anio" id="3D35D3AB-9FA8-8DFC-53C3-135D037E8848">
<createdBy>mcorteze</createdBy>
<createdTime>2024-09-02 20:47:01 UTC</createdTime>
<ownerDesignName>modelo</ownerDesignName>
<engineerTo>
<item key="D2BF708D-E1E4-9C66-30B8-B77EF258935E" value="true"/>
</engineerTo>
<useDomainConstraints>false</useDomainConstraints>
<use>1</use>
<logicalDatatype>LOGDT019</logicalDatatype>
<ownDataTypeParameters>,,</ownDataTypeParameters>
</Attribute>
<Attribute name="color" id="A2E08BD4-39A5-8067-B980-9C987BB1B7C1">
<createdBy>mcorteze</createdBy>
<createdTime>2024-09-02 20:47:28 UTC</createdTime>
<ownerDesignName>modelo</ownerDesignName>
<engineerTo>
<item key="D2BF708D-E1E4-9C66-30B8-B77EF258935E" value="true"/>
</engineerTo>
<useDomainConstraints>false</useDomainConstraints>
<use>1</use>
<logicalDatatype>LOGDT024</logicalDatatype>
<dataTypeSize>50</dataTypeSize>
<ownDataTypeParameters>50,,</ownDataTypeParameters>
</Attribute>
<Attribute name="rut" id="6E7E5C85-805A-6C50-287E-4C6C050C4312">
<createdBy>mcorteze</createdBy>
<createdTime>2024-09-02 21:06:42 UTC</createdTime>
<generatorID>16BFB7D2-8C03-05A3-CC73-CCCBAF9B7121</generatorID>
<ownerDesignName>modelo</ownerDesignName>
<engineerTo>
<item key="D2BF708D-E1E4-9C66-30B8-B77EF258935E" value="true"/>
</engineerTo>
<referedAttribute>21948419-A6D0-D456-3E99-0C8B20FEBFA5</referedAttribute>
<useDomainConstraints>false</useDomainConstraints>
<use>1</use>
<logicalDatatype>LOGDT024</logicalDatatype>
<dataTypeSize>10</dataTypeSize>
<ownDataTypeParameters>,,</ownDataTypeParameters>
</Attribute>
</attributes>
<identifiers itemClass="oracle.dbtools.crest.model.design.logical.CandidateKey">
<identifier id="27CAB502-894F-69FC-8593-73FB0BAD5310" name="Vehiculo PK">
<createdBy>mcorteze</createdBy>
<createdTime>2024-09-02 20:46:25 UTC</createdTime>
<ownerDesignName>modelo</ownerDesignName>
<shouldEngineer>false</shouldEngineer>
<engineerTo>
<item key="D2BF708D-E1E4-9C66-30B8-B77EF258935E" value="false"/>
</engineerTo>
<pk>true</pk>
<usedAttributes>
<attributeRef>C5A03A49-D72A-DF70-E30E-E4020A42CF93</attributeRef>
</usedAttributes>
</identifier>
</identifiers>
</Entity>