<?xml version = '1.0' encoding = 'UTF-8'?>
<MultidimensionalDesign class="oracle.dbtools.crest.model.design.multidimensional.MultidimensionalDesign" name="Multidimensional_1" id="E7C35779-46E3-5627-0E0D-49151EC83F7C" mainViewID="9A993313-64EB-31F3-1510-C03B2DDF5584" boundModel="2260B41B-CDD6-1ACA-C5FA-BCC07F24A426">
<createdBy>mcorteze</createdBy>
<createdTime>2024-09-02 20:45:07 UTC</createdTime>
<ownerDesignName>modelo</ownerDesignName>
<shouldBeOpen>false</shouldBeOpen>
</MultidimensionalDesign>