<?xml version = '1.0' encoding = 'UTF-8'?>
<Entity class="oracle.dbtools.crest.model.design.logical.Entity" directorySegmentName="seg_0" id="6BE4003A-AA0A-FFCF-9E6C-E633F24C4475" name="ORDEN">
<createdBy>mcorteze</createdBy>
<createdTime>2024-09-17 01:10:09 UTC</createdTime>
<ownerDesignName>modelo6</ownerDesignName>
<engineerTo>
<item key="476273CC-CDCB-DB8F-93AD-D49C2A19A961" value="true"/>
</engineerTo>
<adequatelyNormalized>NO</adequatelyNormalized>
<expectedVolumes>0</expectedVolumes>
<fwdEngineeringStrategyName>Single Table</fwdEngineeringStrategyName>
<growthPercent>0</growthPercent>
<growthType>Year</growthType>
<maxVolumes>9999999</maxVolumes>
<minVolumes>0</minVolumes>
<normalForm>Third</normalForm>
<attributes itemClass="oracle.dbtools.crest.model.design.logical.Attribute">
<Attribute name="cod_orden" id="E0E07C59-F992-5826-9F85-74A685F7D65F">
<createdBy>mcorteze</createdBy>
<createdTime>2024-09-17 01:10:18 UTC</createdTime>
<ownerDesignName>modelo6</ownerDesignName>
<engineerTo>
<item key="476273CC-CDCB-DB8F-93AD-D49C2A19A961" value="true"/>
</engineerTo>
<useDomainConstraints>false</useDomainConstraints>
<use>1</use>
<logicalDatatype>LOGDT024</logicalDatatype>
<dataTypeSize>6 BYTE</dataTypeSize>
<ownDataTypeParameters>6 BYTE,,</ownDataTypeParameters>
</Attribute>
<Attribute name="f_creacion" id="5663C513-22F0-659C-246B-50A35A0CACE5">
<createdBy>mcorteze</createdBy>
<createdTime>2024-09-17 01:11:12 UTC</createdTime>
<ownerDesignName>modelo6</ownerDesignName>
<engineerTo>
<item key="476273CC-CDCB-DB8F-93AD-D49C2A19A961" value="true"/>
</engineerTo>
<nullsAllowed>true</nullsAllowed>
<useDomainConstraints>false</useDomainConstraints>
<use>1</use>
<logicalDatatype>LOGDT007</logicalDatatype>
<ownDataTypeParameters>,,</ownDataTypeParameters>
</Attribute>
<Attribute name="estado_general" id="75887543-8160-FEBB-2C88-D83B63D8DAAB">
<createdBy>mcorteze</createdBy>
<createdTime>2024-09-17 01:11:29 UTC</createdTime>
<ownerDesignName>modelo6</ownerDesignName>
<engineerTo>
<item key="476273CC-CDCB-DB8F-93AD-D49C2A19A961" value="true"/>
</engineerTo>
<nullsAllowed>true</nullsAllowed>
<useDomainConstraints>false</useDomainConstraints>
<use>1</use>
<logicalDatatype>LOGDT024</logicalDatatype>
<dataTypeSize>50 BYTE</dataTypeSize>
<ownDataTypeParameters>50 BYTE,,</ownDataTypeParameters>
</Attribute>
<Attribute name="rut" id="9096F8BC-FB58-157B-6946-ED6BEBE6FBB7">
<createdBy>mcorteze</createdBy>
<createdTime>2024-09-17 01:17:48 UTC</createdTime>
<generatorID>3DB5FB0B-A354-7A6A-78CA-1C24C6FE3CA4</generatorID>
<ownerDesignName>modelo6</ownerDesignName>
<engineerTo>
<item key="476273CC-CDCB-DB8F-93AD-D49C2A19A961" value="true"/>
</engineerTo>
<referedAttribute>A4F86355-61DA-CAA1-DA1F-D58D9A041B7F</referedAttribute>
<useDomainConstraints>false</useDomainConstraints>
<use>1</use>
<logicalDatatype>LOGDT024</logicalDatatype>
<dataTypeSize>10 BYTE</dataTypeSize>
<ownDataTypeParameters>,,</ownDataTypeParameters>
</Attribute>
</attributes>
<identifiers itemClass="oracle.dbtools.crest.model.design.logical.CandidateKey">
<identifier id="CC98C178-90D1-A127-D9EA-900D9C0D8A45" name="ORDEN PK">
<createdBy>mcorteze</createdBy>
<createdTime>2024-09-17 01:11:08 UTC</createdTime>
<ownerDesignName>modelo6</ownerDesignName>
<engineerTo>
<item key="476273CC-CDCB-DB8F-93AD-D49C2A19A961" value="true"/>
</engineerTo>
<pk>true</pk>
<usedAttributes>
<attributeRef>E0E07C59-F992-5826-9F85-74A685F7D65F</attributeRef>
</usedAttributes>
</identifier>
</identifiers>
</Entity>