<?xml version = '1.0' encoding = 'UTF-8'?>
<Entity class="oracle.dbtools.crest.model.design.logical.Entity" directorySegmentName="seg_0" id="AA277A14-302B-E544-D2E9-B34ECF98EFF4" name="CLIENTE">
<createdBy>mcorteze</createdBy>
<createdTime>2024-09-17 01:06:28 UTC</createdTime>
<ownerDesignName>modelo6</ownerDesignName>
<engineerTo>
<item key="476273CC-CDCB-DB8F-93AD-D49C2A19A961" value="true"/>
</engineerTo>
<adequatelyNormalized>NO</adequatelyNormalized>
<expectedVolumes>0</expectedVolumes>
<fwdEngineeringStrategyName>Single Table</fwdEngineeringStrategyName>
<growthPercent>0</growthPercent>
<growthType>Year</growthType>
<maxVolumes>9999999</maxVolumes>
<minVolumes>0</minVolumes>
<normalForm>Third</normalForm>
<attributes itemClass="oracle.dbtools.crest.model.design.logical.Attribute">
<Attribute name="rut" id="A4F86355-61DA-CAA1-DA1F-D58D9A041B7F">
<createdBy>mcorteze</createdBy>
<createdTime>2024-09-17 01:06:38 UTC</createdTime>
<ownerDesignName>modelo6</ownerDesignName>
<engineerTo>
<item key="476273CC-CDCB-DB8F-93AD-D49C2A19A961" value="true"/>
</engineerTo>
<useDomainConstraints>false</useDomainConstraints>
<use>1</use>
<logicalDatatype>LOGDT024</logicalDatatype>
<dataTypeSize>10 BYTE</dataTypeSize>
<ownDataTypeParameters>10 BYTE,,</ownDataTypeParameters>
</Attribute>
<Attribute name="nombres" id="8C674CA1-BC1C-FB49-5C9E-03D881446E6B">
<createdBy>mcorteze</createdBy>
<createdTime>2024-09-17 01:06:59 UTC</createdTime>
<ownerDesignName>modelo6</ownerDesignName>
<engineerTo>
<item key="476273CC-CDCB-DB8F-93AD-D49C2A19A961" value="true"/>
</engineerTo>
<nullsAllowed>true</nullsAllowed>
<useDomainConstraints>false</useDomainConstraints>
<use>1</use>
<logicalDatatype>LOGDT024</logicalDatatype>
<dataTypeSize>50 BYTE</dataTypeSize>
<ownDataTypeParameters>50 BYTE,,</ownDataTypeParameters>
</Attribute>
<Attribute name="apellidos" id="7268B711-C36E-59F8-B138-233C9665C61D">
<createdBy>mcorteze</createdBy>
<createdTime>2024-09-17 01:07:18 UTC</createdTime>
<ownerDesignName>modelo6</ownerDesignName>
<engineerTo>
<item key="476273CC-CDCB-DB8F-93AD-D49C2A19A961" value="true"/>
</engineerTo>
<nullsAllowed>true</nullsAllowed>
<useDomainConstraints>false</useDomainConstraints>
<use>1</use>
<logicalDatatype>LOGDT024</logicalDatatype>
<dataTypeSize>50 BYTE</dataTypeSize>
<ownDataTypeParameters>50 BYTE,,</ownDataTypeParameters>
</Attribute>
<Attribute name="telefono" id="4A816693-E134-D181-670C-B7B88C204198">
<createdBy>mcorteze</createdBy>
<createdTime>2024-09-17 01:07:40 UTC</createdTime>
<ownerDesignName>modelo6</ownerDesignName>
<engineerTo>
<item key="476273CC-CDCB-DB8F-93AD-D49C2A19A961" value="true"/>
</engineerTo>
<nullsAllowed>true</nullsAllowed>
<useDomainConstraints>false</useDomainConstraints>
<use>1</use>
<logicalDatatype>LOGDT024</logicalDatatype>
<dataTypeSize>9 BYTE</dataTypeSize>
<ownDataTypeParameters>9 BYTE,,</ownDataTypeParameters>
</Attribute>
<Attribute name="email" id="FDDDDB3E-BC73-F076-0177-1EBCCB2BE4C2">
<createdBy>mcorteze</createdBy>
<createdTime>2024-09-17 01:08:00 UTC</createdTime>
<ownerDesignName>modelo6</ownerDesignName>
<engineerTo>
<item key="476273CC-CDCB-DB8F-93AD-D49C2A19A961" value="true"/>
</engineerTo>
<nullsAllowed>true</nullsAllowed>
<useDomainConstraints>false</useDomainConstraints>
<use>1</use>
<logicalDatatype>LOGDT024</logicalDatatype>
<dataTypeSize>50 BYTE</dataTypeSize>
<ownDataTypeParameters>50 BYTE,,</ownDataTypeParameters>
</Attribute>
</attributes>
<identifiers itemClass="oracle.dbtools.crest.model.design.logical.CandidateKey">
<identifier id="F8CFAF5A-086E-1CCE-BE4A-06E9F7EF954B" name="CLIENTE PK">
<createdBy>mcorteze</createdBy>
<createdTime>2024-09-17 01:06:56 UTC</createdTime>
<ownerDesignName>modelo6</ownerDesignName>
<engineerTo>
<item key="476273CC-CDCB-DB8F-93AD-D49C2A19A961" value="true"/>
</engineerTo>
<pk>true</pk>
<usedAttributes>
<attributeRef>A4F86355-61DA-CAA1-DA1F-D58D9A041B7F</attributeRef>
</usedAttributes>
</identifier>
</identifiers>
</Entity>