<?xml version = '1.0' encoding = 'UTF-8'?>
<Entity class="oracle.dbtools.crest.model.design.logical.Entity" directorySegmentName="seg_0" id="AA637E0E-38F9-DD30-36D2-C3D7CA7F7394" name="ORDEN_SERVICIO">
<createdBy>mcorteze</createdBy>
<createdTime>2024-09-17 01:12:13 UTC</createdTime>
<ownerDesignName>modelo6</ownerDesignName>
<engineerTo>
<item key="476273CC-CDCB-DB8F-93AD-D49C2A19A961" value="true"/>
</engineerTo>
<adequatelyNormalized>NO</adequatelyNormalized>
<expectedVolumes>0</expectedVolumes>
<fwdEngineeringStrategyName>Single Table</fwdEngineeringStrategyName>
<growthPercent>0</growthPercent>
<growthType>Year</growthType>
<maxVolumes>9999999</maxVolumes>
<minVolumes>0</minVolumes>
<normalForm>Third</normalForm>
<attributes itemClass="oracle.dbtools.crest.model.design.logical.Attribute">
<Attribute name="cod_orden" id="AC1AD076-51CE-CDCA-6D44-814E7C8157FD">
<createdBy>mcorteze</createdBy>
<createdTime>2024-09-17 01:18:05 UTC</createdTime>
<generatorID>CD0CC1F9-A128-6DEB-361F-CFF8889D15C8</generatorID>
<ownerDesignName>modelo6</ownerDesignName>
<engineerTo>
<item key="476273CC-CDCB-DB8F-93AD-D49C2A19A961" value="true"/>
</engineerTo>
<referedAttribute>E0E07C59-F992-5826-9F85-74A685F7D65F</referedAttribute>
<useDomainConstraints>false</useDomainConstraints>
<use>1</use>
<logicalDatatype>LOGDT024</logicalDatatype>
<dataTypeSize>6 BYTE</dataTypeSize>
<ownDataTypeParameters>,,</ownDataTypeParameters>
</Attribute>
<Attribute name="cod_servicio" id="AFD8AA55-BBD6-59EE-CFCB-C9546D6B8F36">
<createdBy>mcorteze</createdBy>
<createdTime>2024-09-17 01:18:17 UTC</createdTime>
<generatorID>028F42A5-F744-7F46-1650-98C71E554B4E</generatorID>
<ownerDesignName>modelo6</ownerDesignName>
<engineerTo>
<item key="476273CC-CDCB-DB8F-93AD-D49C2A19A961" value="true"/>
</engineerTo>
<referedAttribute>0E8D9E24-05F2-07E8-C486-984168223E0E</referedAttribute>
<useDomainConstraints>false</useDomainConstraints>
<use>1</use>
<logicalDatatype>LOGDT024</logicalDatatype>
<dataTypeSize>6 BYTE</dataTypeSize>
<ownDataTypeParameters>,,</ownDataTypeParameters>
</Attribute>
</attributes>
</Entity>