<?xml version = '1.0' encoding = 'UTF-8'?>
<Entity class="oracle.dbtools.crest.model.design.logical.Entity" directorySegmentName="seg_0" id="BC284A70-2585-8E71-0734-381AC09FECAA" name="SERVICIO_REPUESTO">
<createdBy>mcorteze</createdBy>
<createdTime>2024-09-17 01:24:30 UTC</createdTime>
<ownerDesignName>modelo6</ownerDesignName>
<engineerTo>
<item key="476273CC-CDCB-DB8F-93AD-D49C2A19A961" value="true"/>
</engineerTo>
<adequatelyNormalized>NO</adequatelyNormalized>
<expectedVolumes>0</expectedVolumes>
<fwdEngineeringStrategyName>Single Table</fwdEngineeringStrategyName>
<growthPercent>0</growthPercent>
<growthType>Year</growthType>
<maxVolumes>9999999</maxVolumes>
<minVolumes>0</minVolumes>
<normalForm>Third</normalForm>
<attributes itemClass="oracle.dbtools.crest.model.design.logical.Attribute">
<Attribute name="cod_servicio" id="F2AD5219-1E1F-9DDC-4C85-6B1657E3A25E">
<createdBy>mcorteze</createdBy>
<createdTime>2024-09-17 01:24:45 UTC</createdTime>
<generatorID>0DEBE8C0-E6F8-3FC0-4988-9A3AC9CA9FCC</generatorID>
<ownerDesignName>modelo6</ownerDesignName>
<engineerTo>
<item key="476273CC-CDCB-DB8F-93AD-D49C2A19A961" value="true"/>
</engineerTo>
<referedAttribute>0E8D9E24-05F2-07E8-C486-984168223E0E</referedAttribute>
<useDomainConstraints>false</useDomainConstraints>
<use>1</use>
<logicalDatatype>LOGDT024</logicalDatatype>
<dataTypeSize>6 BYTE</dataTypeSize>
<ownDataTypeParameters>,,</ownDataTypeParameters>
</Attribute>
<Attribute name="cod_repuesto" id="FBBECFFE-935E-7C00-C71F-DEFFB353D4AE">
<createdBy>mcorteze</createdBy>
<createdTime>2024-09-17 01:24:58 UTC</createdTime>
<generatorID>55C3E462-9996-7234-69D2-72489BB420B4</generatorID>
<ownerDesignName>modelo6</ownerDesignName>
<engineerTo>
<item key="476273CC-CDCB-DB8F-93AD-D49C2A19A961" value="true"/>
</engineerTo>
<referedAttribute>B3797E33-37AA-2D14-0E27-1E22B2F92E93</referedAttribute>
<useDomainConstraints>false</useDomainConstraints>
<use>1</use>
<logicalDatatype>LOGDT024</logicalDatatype>
<dataTypeSize>50 BYTE</dataTypeSize>
<ownDataTypeParameters>,,</ownDataTypeParameters>
</Attribute>
</attributes>
<identifiers itemClass="oracle.dbtools.crest.model.design.logical.CandidateKey">
<identifier id="6805BD73-42E0-C355-E647-7874299A5960" name="SERVICIO_REPUESTO PK">
<createdBy>mcorteze</createdBy>
<createdTime>2024-09-17 01:24:58 UTC</createdTime>
<ownerDesignName>modelo6</ownerDesignName>
<engineerTo>
<item key="476273CC-CDCB-DB8F-93AD-D49C2A19A961" value="true"/>
</engineerTo>
<pk>true</pk>
<usedAttributes>
<attributeRef>FBBECFFE-935E-7C00-C71F-DEFFB353D4AE</attributeRef>
</usedAttributes>
</identifier>
</identifiers>
</Entity>