<?xml version = '1.0' encoding = 'UTF-8'?>
<Table class="oracle.dbtools.crest.model.design.relational.Table" directorySegmentName="seg_0" id="19070001-92E2-3B8F-D6C1-B4D7C172DC8A" name="Orden_Servicio">
<createdBy>mcorteze</createdBy>
<createdTime>2024-09-03 02:58:19 UTC</createdTime>
<generatorID>217559BB-4747-069B-5DA7-002ACA35751D</generatorID>
<ownerDesignName>modelo</ownerDesignName>
<allowColumnReorder>false</allowColumnReorder>
<existDependencyGenerateInDDl>true</existDependencyGenerateInDDl>
<parsed>true</parsed>
<columns itemClass="oracle.dbtools.crest.model.design.relational.Column">
<Column name="Orden_Servicio_ID" id="D7A3BD2C-34A2-4D35-148F-1DA897C62633">
<createdBy>mcorteze</createdBy>
<createdTime>2024-09-03 02:58:19 UTC</createdTime>
<ownerDesignName>modelo</ownerDesignName>
<useDomainConstraints>false</useDomainConstraints>
<use>1</use>
<logicalDatatype>LOGDT019</logicalDatatype>
<ownDataTypeParameters>,,</ownDataTypeParameters>
<autoIncrementColumn>true</autoIncrementColumn>
<identityColumn>true</identityColumn>
<autoIncrementCycle>false</autoIncrementCycle>
<isSurrogateColumn>true</isSurrogateColumn>
</Column>
</columns>
<indexes itemClass="oracle.dbtools.crest.model.design.relational.Index">
<ind_PK_UK id="163093AE-0CC7-A67C-B4E0-2130F3367992" name="Orden_Servicio_PK">
<createdBy>mcorteze</createdBy>
<createdTime>2024-09-03 02:58:19 UTC</createdTime>
<ownerDesignName>modelo</ownerDesignName>
<pk>true</pk>
<indexState>Primary Constraint</indexState>
<indexColumnUsage>
<colUsage columnID="D7A3BD2C-34A2-4D35-148F-1DA897C62633"/>
</indexColumnUsage>
</ind_PK_UK>
</indexes>
</Table>