<?xml version = '1.0' encoding = 'UTF-8'?>
<Table class="oracle.dbtools.crest.model.design.relational.Table" directorySegmentName="seg_0" id="22E120FB-AD12-C274-9E6E-2046D249837B" name="Servicio">
<createdBy>mcorteze</createdBy>
<createdTime>2024-09-03 02:58:19 UTC</createdTime>
<generatorID>DA22AF0B-3E1B-A6A4-1472-31B83DC91E63</generatorID>
<ownerDesignName>modelo</ownerDesignName>
<allowColumnReorder>false</allowColumnReorder>
<existDependencyGenerateInDDl>true</existDependencyGenerateInDDl>
<parsed>true</parsed>
<columns itemClass="oracle.dbtools.crest.model.design.relational.Column">
<Column name="id_servicio" id="8D397700-F55D-CF27-E1D8-74DE68CA8DFB">
<createdBy>mcorteze</createdBy>
<createdTime>2024-09-03 02:58:19 UTC</createdTime>
<generatorID>A25EE62F-D354-999D-3611-4E8B4D699D89</generatorID>
<ownerDesignName>modelo</ownerDesignName>
<useDomainConstraints>false</useDomainConstraints>
<use>1</use>
<logicalDatatype>LOGDT024</logicalDatatype>
<dataTypeSize>50</dataTypeSize>
<ownDataTypeParameters>50,,</ownDataTypeParameters>
<autoIncrementCycle>false</autoIncrementCycle>
</Column>
<Column name="nombre" id="72CC2E5F-0018-F419-6DF7-F3D96946A304">
<createdBy>mcorteze</createdBy>
<createdTime>2024-09-03 02:58:19 UTC</createdTime>
<generatorID>50081BE0-1DC9-CC1F-6B76-D41F031ED14E</generatorID>
<ownerDesignName>modelo</ownerDesignName>
<useDomainConstraints>false</useDomainConstraints>
<use>1</use>
<logicalDatatype>LOGDT024</logicalDatatype>
<dataTypeSize>50</dataTypeSize>
<ownDataTypeParameters>50,,</ownDataTypeParameters>
<autoIncrementCycle>false</autoIncrementCycle>
</Column>
<Column name="descripcion" id="F1CA3FC3-5CBC-94C0-1E24-A8AD92E2C0D0">
<createdBy>mcorteze</createdBy>
<createdTime>2024-09-03 02:58:19 UTC</createdTime>
<generatorID>7ADC9E50-66F0-A090-C9B3-258FFDFFC922</generatorID>
<ownerDesignName>modelo</ownerDesignName>
<useDomainConstraints>false</useDomainConstraints>
<use>1</use>
<logicalDatatype>LOGDT024</logicalDatatype>
<dataTypeSize>100</dataTypeSize>
<ownDataTypeParameters>100,,</ownDataTypeParameters>
<autoIncrementCycle>false</autoIncrementCycle>
</Column>
<Column name="costo" id="10D82071-0F54-3265-39BD-E82D58491C70">
<createdBy>mcorteze</createdBy>
<createdTime>2024-09-03 02:58:19 UTC</createdTime>
<generatorID>E02AD6B4-E0BE-121F-CF99-5CD778150075</generatorID>
<ownerDesignName>modelo</ownerDesignName>
<useDomainConstraints>false</useDomainConstraints>
<use>1</use>
<logicalDatatype>LOGDT019</logicalDatatype>
<ownDataTypeParameters>,,</ownDataTypeParameters>
<autoIncrementCycle>false</autoIncrementCycle>
</Column>
<Column name="Servicio_Orden_ID" id="C24A2DEB-54FE-C719-E6BF-71F1701123AC">
<createdBy>mcorteze</createdBy>
<createdTime>2024-09-03 02:58:19 UTC</createdTime>
<ownerDesignName>modelo</ownerDesignName>
<useDomainConstraints>false</useDomainConstraints>
<use>1</use>
<logicalDatatype>LOGDT019</logicalDatatype>
<ownDataTypeParameters>,,</ownDataTypeParameters>
<previousColumn>false</previousColumn>
<autoIncrementCycle>false</autoIncrementCycle>
<associations>
<colAssociation fkAssociation="2B1DBA96-0099-A75A-7847-09B88080A3F7" referredColumn="D7A3BD2C-34A2-4D35-148F-1DA897C62633"/>
</associations>
</Column>
</columns>
<indexes itemClass="oracle.dbtools.crest.model.design.relational.Index">
<ind_PK_UK id="9DB8CC49-4DF5-944F-9942-6A594AE2C817" name="Servicio_PK">
<createdBy>mcorteze</createdBy>
<createdTime>2024-09-03 02:58:19 UTC</createdTime>
<generatorID>30609573-F842-033F-5276-E9E7E474B091</generatorID>
<ownerDesignName>modelo</ownerDesignName>
<pk>true</pk>
<indexState>Primary Constraint</indexState>
<isSurrogateKey>false</isSurrogateKey>
<indexColumnUsage>
<colUsage columnID="8D397700-F55D-CF27-E1D8-74DE68CA8DFB"/>
</indexColumnUsage>
</ind_PK_UK>
<ind_PK_UK id="A54E4E9C-A3B3-0249-BBDD-3A6CC02AD812" name="Servicio_Orden_FK">
<createdBy>mcorteze</createdBy>
<createdTime>2024-09-03 02:58:19 UTC</createdTime>
<generatorID>9AD94E41-46FE-EE75-91E5-581FDC789AFD</generatorID>
<ownerDesignName>modelo</ownerDesignName>
<indexState>Foreign Key</indexState>
<isSurrogateKey>false</isSurrogateKey>
<indexColumnUsage>
<colUsage columnID="C24A2DEB-54FE-C719-E6BF-71F1701123AC"/>
</indexColumnUsage>
</ind_PK_UK>
</indexes>
</Table>