<?xml version = '1.0' encoding = 'UTF-8'?>
<Table class="oracle.dbtools.crest.model.design.relational.Table" directorySegmentName="seg_0" id="8A8D5C5F-E158-EFE3-1AA8-A14801BD1C7B" name="Cliente">
<createdBy>mcorteze</createdBy>
<createdTime>2024-09-03 02:58:19 UTC</createdTime>
<generatorID>E17C79CD-60C2-99C6-E753-E3967A2DA601</generatorID>
<ownerDesignName>modelo</ownerDesignName>
<allowColumnReorder>false</allowColumnReorder>
<existDependencyGenerateInDDl>true</existDependencyGenerateInDDl>
<parsed>true</parsed>
<columns itemClass="oracle.dbtools.crest.model.design.relational.Column">
<Column name="rut" id="991DB321-5B80-0519-B2F4-69E7DBFECA7F">
<createdBy>mcorteze</createdBy>
<createdTime>2024-09-03 02:58:19 UTC</createdTime>
<generatorID>21948419-A6D0-D456-3E99-0C8B20FEBFA5</generatorID>
<ownerDesignName>modelo</ownerDesignName>
<useDomainConstraints>false</useDomainConstraints>
<use>1</use>
<logicalDatatype>LOGDT024</logicalDatatype>
<dataTypeSize>10</dataTypeSize>
<ownDataTypeParameters>10,,</ownDataTypeParameters>
<autoIncrementCycle>false</autoIncrementCycle>
</Column>
<Column name="nombres" id="30283F74-FB9C-D0D5-29B6-11B84C0EBE70">
<createdBy>mcorteze</createdBy>
<createdTime>2024-09-03 02:58:19 UTC</createdTime>
<generatorID>2A82C8CE-749D-A019-C0D5-8EA48908B8A1</generatorID>
<ownerDesignName>modelo</ownerDesignName>
<useDomainConstraints>false</useDomainConstraints>
<use>1</use>
<logicalDatatype>LOGDT024</logicalDatatype>
<dataTypeSize>50</dataTypeSize>
<ownDataTypeParameters>50,,</ownDataTypeParameters>
<autoIncrementCycle>false</autoIncrementCycle>
</Column>
<Column name="apellidos" id="1727D944-9B91-4D77-6881-AF1CEDDAD609">
<createdBy>mcorteze</createdBy>
<createdTime>2024-09-03 02:58:19 UTC</createdTime>
<generatorID>F07E2A93-F0B0-3E87-BE40-BF8BAD5B6094</generatorID>
<ownerDesignName>modelo</ownerDesignName>
<useDomainConstraints>false</useDomainConstraints>
<use>1</use>
<logicalDatatype>LOGDT024</logicalDatatype>
<dataTypeSize>50</dataTypeSize>
<ownDataTypeParameters>50,,</ownDataTypeParameters>
<autoIncrementCycle>false</autoIncrementCycle>
</Column>
<Column name="domicilio" id="12D70CE9-DB54-E8FA-9186-8F47F0C9994E">
<createdBy>mcorteze</createdBy>
<createdTime>2024-09-03 02:58:19 UTC</createdTime>
<generatorID>4CC39F89-1DC8-A5BC-C76E-A10F22E7AF3C</generatorID>
<ownerDesignName>modelo</ownerDesignName>
<useDomainConstraints>false</useDomainConstraints>
<use>1</use>
<logicalDatatype>LOGDT024</logicalDatatype>
<dataTypeSize>100</dataTypeSize>
<ownDataTypeParameters>100,,</ownDataTypeParameters>
<autoIncrementCycle>false</autoIncrementCycle>
</Column>
<Column name="telefono" id="CEF7AADF-C90C-3D27-93FA-6063E1534A88">
<createdBy>mcorteze</createdBy>
<createdTime>2024-09-03 02:58:19 UTC</createdTime>
<generatorID>58A1B749-090F-929F-DF70-0F4C2CB9988E</generatorID>
<ownerDesignName>modelo</ownerDesignName>
<useDomainConstraints>false</useDomainConstraints>
<use>1</use>
<logicalDatatype>LOGDT019</logicalDatatype>
<ownDataTypeParameters>,,</ownDataTypeParameters>
<autoIncrementCycle>false</autoIncrementCycle>
</Column>
<Column name="email" id="81BE5248-3E42-B4C9-4698-5B7059BE6998">
<createdBy>mcorteze</createdBy>
<createdTime>2024-09-03 02:58:19 UTC</createdTime>
<generatorID>8D499695-2B23-B2FC-7DDD-34B4F4125398</generatorID>
<ownerDesignName>modelo</ownerDesignName>
<nullsAllowed>true</nullsAllowed>
<useDomainConstraints>false</useDomainConstraints>
<use>1</use>
<logicalDatatype>LOGDT024</logicalDatatype>
<dataTypeSize>50</dataTypeSize>
<ownDataTypeParameters>50,,</ownDataTypeParameters>
<autoIncrementCycle>false</autoIncrementCycle>
</Column>
</columns>
<indexes itemClass="oracle.dbtools.crest.model.design.relational.Index">
<ind_PK_UK id="FB4E0B2F-C66A-705F-E701-3C604FFA7055" name="Cliente_PK">
<createdBy>mcorteze</createdBy>
<createdTime>2024-09-03 02:58:19 UTC</createdTime>
<generatorID>A3B81030-9BC8-294D-0657-541955B4FE1E</generatorID>
<ownerDesignName>modelo</ownerDesignName>
<pk>true</pk>
<indexState>Primary Constraint</indexState>
<isSurrogateKey>false</isSurrogateKey>
<indexColumnUsage>
<colUsage columnID="991DB321-5B80-0519-B2F4-69E7DBFECA7F"/>
</indexColumnUsage>
</ind_PK_UK>
</indexes>
</Table>