<?xml version = '1.0' encoding = 'UTF-8'?>
<Table class="oracle.dbtools.crest.model.design.relational.Table" directorySegmentName="seg_0" id="9DDCFE61-BD4B-6A61-7868-D451FB20D380" name="Repuesto">
<createdBy>mcorteze</createdBy>
<createdTime>2024-09-03 02:58:19 UTC</createdTime>
<generatorID>DA85EA6A-F818-9938-101A-55E71820F207</generatorID>
<ownerDesignName>modelo</ownerDesignName>
<allowColumnReorder>false</allowColumnReorder>
<existDependencyGenerateInDDl>true</existDependencyGenerateInDDl>
<parsed>true</parsed>
<columns itemClass="oracle.dbtools.crest.model.design.relational.Column">
<Column name="id_repuesto" id="25A783EC-9C0F-A7DA-CF54-0A70ED84B103">
<createdBy>mcorteze</createdBy>
<createdTime>2024-09-03 02:58:19 UTC</createdTime>
<generatorID>2949A990-5269-740B-A66D-754D4597362F</generatorID>
<ownerDesignName>modelo</ownerDesignName>
<useDomainConstraints>false</useDomainConstraints>
<use>1</use>
<logicalDatatype>LOGDT024</logicalDatatype>
<dataTypeSize>50</dataTypeSize>
<ownDataTypeParameters>50,,</ownDataTypeParameters>
<autoIncrementCycle>false</autoIncrementCycle>
</Column>
<Column name="nombre" id="A0F0B514-86F1-DFB2-0FF1-7AE53CE940CE">
<createdBy>mcorteze</createdBy>
<createdTime>2024-09-03 02:58:19 UTC</createdTime>
<generatorID>080DABC5-AA6C-8D0F-FDE9-A3B92209657F</generatorID>
<ownerDesignName>modelo</ownerDesignName>
<useDomainConstraints>false</useDomainConstraints>
<use>1</use>
<logicalDatatype>LOGDT024</logicalDatatype>
<dataTypeSize>50</dataTypeSize>
<ownDataTypeParameters>50,,</ownDataTypeParameters>
<autoIncrementCycle>false</autoIncrementCycle>
</Column>
<Column name="descripcion" id="F95680E5-9126-F43B-077C-446FD2F844E2">
<createdBy>mcorteze</createdBy>
<createdTime>2024-09-03 02:58:19 UTC</createdTime>
<generatorID>C5CC0937-620C-DB65-2F1E-B0A880E66E4F</generatorID>
<ownerDesignName>modelo</ownerDesignName>
<nullsAllowed>true</nullsAllowed>
<useDomainConstraints>false</useDomainConstraints>
<use>1</use>
<logicalDatatype>LOGDT024</logicalDatatype>
<dataTypeSize>100</dataTypeSize>
<ownDataTypeParameters>100,,</ownDataTypeParameters>
<autoIncrementCycle>false</autoIncrementCycle>
</Column>
<Column name="precio" id="CD48FE58-31DF-29B4-A913-853670B828D3">
<createdBy>mcorteze</createdBy>
<createdTime>2024-09-03 02:58:19 UTC</createdTime>
<generatorID>BFADB6F1-567D-6E64-6304-820435F22B16</generatorID>
<ownerDesignName>modelo</ownerDesignName>
<useDomainConstraints>false</useDomainConstraints>
<use>1</use>
<logicalDatatype>LOGDT019</logicalDatatype>
<ownDataTypeParameters>,,</ownDataTypeParameters>
<autoIncrementCycle>false</autoIncrementCycle>
</Column>
<Column name="Orden_id_orden" id="30E52C57-BF83-FEFA-AE1B-6BB0C4353566">
<createdBy>mcorteze</createdBy>
<createdTime>2024-09-03 02:58:19 UTC</createdTime>
<generatorID>A3E47E63-D603-7BCE-B23E-C4BE32F0CA33</generatorID>
<ownerDesignName>modelo</ownerDesignName>
<useDomainConstraints>false</useDomainConstraints>
<use>1</use>
<logicalDatatype>LOGDT019</logicalDatatype>
<ownDataTypeParameters>,,</ownDataTypeParameters>
<previousColumn>false</previousColumn>
<autoIncrementCycle>false</autoIncrementCycle>
<associations>
<colAssociation fkAssociation="ED58AB43-B72A-B9FB-6954-0FC311EBEC14" referredColumn="A0CBA572-DA23-82B7-F004-DD70F7A187B0"/>
</associations>
</Column>
</columns>
<indexes itemClass="oracle.dbtools.crest.model.design.relational.Index">
<ind_PK_UK id="A4FD9A59-34F5-44B2-E232-763CEFA02777" name="Repuesto_PK">
<createdBy>mcorteze</createdBy>
<createdTime>2024-09-03 02:58:19 UTC</createdTime>
<generatorID>7D2BBEC2-3659-5A17-0A4F-E5554423FB5A</generatorID>
<ownerDesignName>modelo</ownerDesignName>
<pk>true</pk>
<indexState>Primary Constraint</indexState>
<isSurrogateKey>false</isSurrogateKey>
<indexColumnUsage>
<colUsage columnID="25A783EC-9C0F-A7DA-CF54-0A70ED84B103"/>
</indexColumnUsage>
</ind_PK_UK>
<ind_PK_UK id="E339093F-8F8A-DE39-667B-DAAD003AB65B" name="Repuesto_Orden_FK">
<createdBy>mcorteze</createdBy>
<createdTime>2024-09-03 02:58:19 UTC</createdTime>
<generatorID>0A70EEF7-ADC3-3374-4F3A-CB7EC3291EB0</generatorID>
<ownerDesignName>modelo</ownerDesignName>
<indexState>Foreign Key</indexState>
<isSurrogateKey>false</isSurrogateKey>
<indexColumnUsage>
<colUsage columnID="30E52C57-BF83-FEFA-AE1B-6BB0C4353566"/>
</indexColumnUsage>
</ind_PK_UK>
</indexes>
</Table>