<?xml version = '1.0' encoding = 'UTF-8'?>
<Table class="oracle.dbtools.crest.model.design.relational.Table" directorySegmentName="seg_0" id="B9DB9D51-C154-8820-BD4E-71EACC20B046" name="Orden">
<createdBy>mcorteze</createdBy>
<createdTime>2024-09-03 02:58:19 UTC</createdTime>
<generatorID>89E258E5-558F-FBB5-62FF-044639A166A2</generatorID>
<notes><![CDATA[Orden de atencion]]></notes>
<ownerDesignName>modelo</ownerDesignName>
<allowColumnReorder>false</allowColumnReorder>
<existDependencyGenerateInDDl>true</existDependencyGenerateInDDl>
<parsed>true</parsed>
<columns itemClass="oracle.dbtools.crest.model.design.relational.Column">
<Column name="id_orden" id="A0CBA572-DA23-82B7-F004-DD70F7A187B0">
<createdBy>mcorteze</createdBy>
<createdTime>2024-09-03 02:58:19 UTC</createdTime>
<generatorID>42D39BEB-7298-2816-4391-17AABA8D857B</generatorID>
<ownerDesignName>modelo</ownerDesignName>
<useDomainConstraints>false</useDomainConstraints>
<use>1</use>
<logicalDatatype>LOGDT019</logicalDatatype>
<ownDataTypeParameters>,,</ownDataTypeParameters>
<autoIncrementCycle>false</autoIncrementCycle>
</Column>
<Column name="fecha_creacion" id="BF2B942E-CB9B-CCD6-6AE5-5665820014CA">
<createdBy>mcorteze</createdBy>
<createdTime>2024-09-03 02:58:19 UTC</createdTime>
<generatorID>FA12F327-07BD-3C67-51F1-D6A2E7FC1118</generatorID>
<ownerDesignName>modelo</ownerDesignName>
<useDomainConstraints>false</useDomainConstraints>
<use>1</use>
<logicalDatatype>LOGDT008</logicalDatatype>
<ownDataTypeParameters>,,</ownDataTypeParameters>
<autoIncrementCycle>false</autoIncrementCycle>
</Column>
<Column name="estado_general" id="D46602A2-3AE0-B159-75C6-74CCB3A83474">
<createdBy>mcorteze</createdBy>
<createdTime>2024-09-03 02:58:19 UTC</createdTime>
<generatorID>6C6812AF-BA4A-9EE3-56D7-F9FCB2441577</generatorID>
<ownerDesignName>modelo</ownerDesignName>
<useDomainConstraints>false</useDomainConstraints>
<use>1</use>
<logicalDatatype>LOGDT024</logicalDatatype>
<dataTypeSize>50</dataTypeSize>
<ownDataTypeParameters>50,,</ownDataTypeParameters>
<autoIncrementCycle>false</autoIncrementCycle>
</Column>
<Column name="Cliente_rut" id="F80CB52D-6939-FCE7-060B-F0A457251C03">
<createdBy>mcorteze</createdBy>
<createdTime>2024-09-03 02:58:19 UTC</createdTime>
<generatorID>6CC30776-0659-CFA6-A698-A2F4B423ABBA</generatorID>
<ownerDesignName>modelo</ownerDesignName>
<useDomainConstraints>false</useDomainConstraints>
<use>1</use>
<logicalDatatype>LOGDT024</logicalDatatype>
<dataTypeSize>10</dataTypeSize>
<ownDataTypeParameters>,,</ownDataTypeParameters>
<previousColumn>false</previousColumn>
<autoIncrementCycle>false</autoIncrementCycle>
<associations>
<colAssociation fkAssociation="B59F43D6-EE8F-00E9-CC13-9C2FDC1DED37" referredColumn="991DB321-5B80-0519-B2F4-69E7DBFECA7F"/>
</associations>
</Column>
<Column name="Vehiculo_patente" id="54384262-1EA6-4F2A-FEF9-1A5AC55EEEF3">
<createdBy>mcorteze</createdBy>
<createdTime>2024-09-03 02:58:19 UTC</createdTime>
<generatorID>CAC2140C-93BC-27B5-AC78-DA2D559EFA92</generatorID>
<ownerDesignName>modelo</ownerDesignName>
<useDomainConstraints>false</useDomainConstraints>
<use>1</use>
<logicalDatatype>LOGDT024</logicalDatatype>
<dataTypeSize>50</dataTypeSize>
<ownDataTypeParameters>,,</ownDataTypeParameters>
<previousColumn>false</previousColumn>
<autoIncrementCycle>false</autoIncrementCycle>
<associations>
<colAssociation fkAssociation="FFD45D15-7AC2-2699-8C83-C34B09D52622" referredColumn="3CEB9B1D-865E-E666-A217-88AE4DE37743"/>
</associations>
</Column>
<Column name="Orden_Servicio_ID" id="C741FF2E-C7D8-54DE-B74F-ACD660C32384">
<createdBy>mcorteze</createdBy>
<createdTime>2024-09-03 02:58:19 UTC</createdTime>
<ownerDesignName>modelo</ownerDesignName>
<nullsAllowed>true</nullsAllowed>
<useDomainConstraints>false</useDomainConstraints>
<use>1</use>
<logicalDatatype>LOGDT019</logicalDatatype>
<ownDataTypeParameters>,,</ownDataTypeParameters>
<previousColumn>false</previousColumn>
<autoIncrementCycle>false</autoIncrementCycle>
<associations>
<colAssociation fkAssociation="A40424B3-4FC1-9D34-0B18-9B3C51948631" referredColumn="D7A3BD2C-34A2-4D35-148F-1DA897C62633"/>
</associations>
</Column>
</columns>
<indexes itemClass="oracle.dbtools.crest.model.design.relational.Index">
<ind_PK_UK id="CF89B5C3-88C1-699C-9BDA-048BC58CC1A3" name="Orden_PK">
<createdBy>mcorteze</createdBy>
<createdTime>2024-09-03 02:58:19 UTC</createdTime>
<generatorID>5DD176FA-0909-8C24-C3EA-FD670462AF6A</generatorID>
<ownerDesignName>modelo</ownerDesignName>
<pk>true</pk>
<indexState>Primary Constraint</indexState>
<isSurrogateKey>false</isSurrogateKey>
<indexColumnUsage>
<colUsage columnID="A0CBA572-DA23-82B7-F004-DD70F7A187B0"/>
</indexColumnUsage>
</ind_PK_UK>
<ind_PK_UK id="B7665BFB-17D5-52B1-9EF1-89B7225CBA6B" name="Orden_Cliente_FK">
<createdBy>mcorteze</createdBy>
<createdTime>2024-09-03 02:58:19 UTC</createdTime>
<generatorID>43C11E00-4686-A97B-11F4-C8D3190C1D93</generatorID>
<ownerDesignName>modelo</ownerDesignName>
<indexState>Foreign Key</indexState>
<isSurrogateKey>false</isSurrogateKey>
<indexColumnUsage>
<colUsage columnID="F80CB52D-6939-FCE7-060B-F0A457251C03"/>
</indexColumnUsage>
</ind_PK_UK>
<ind_PK_UK id="47A4A0C6-F90F-70D9-B52A-254F34D17577" name="Orden_Vehiculo_FK">
<createdBy>mcorteze</createdBy>
<createdTime>2024-09-03 02:58:19 UTC</createdTime>
<generatorID>EF8C3838-9FDB-4326-C3C5-0EB4078C212C</generatorID>
<ownerDesignName>modelo</ownerDesignName>
<indexState>Foreign Key</indexState>
<isSurrogateKey>false</isSurrogateKey>
<indexColumnUsage>
<colUsage columnID="54384262-1EA6-4F2A-FEF9-1A5AC55EEEF3"/>
</indexColumnUsage>
</ind_PK_UK>
<ind_PK_UK id="6D1281B2-C5F0-C877-F2F6-61BF1A2EE94B" name="Orden_Servicio_FK">
<createdBy>mcorteze</createdBy>
<createdTime>2024-09-03 02:58:19 UTC</createdTime>
<generatorID>EEDF07CF-C351-0728-778B-67C245D951E3</generatorID>
<ownerDesignName>modelo</ownerDesignName>
<indexState>Foreign Key</indexState>
<isSurrogateKey>false</isSurrogateKey>
<indexColumnUsage>
<colUsage columnID="C741FF2E-C7D8-54DE-B74F-ACD660C32384"/>
</indexColumnUsage>
</ind_PK_UK>
</indexes>
</Table>