<?xml version = '1.0' encoding = 'UTF-8'?>
<FKIndexAssociation class="oracle.dbtools.crest.model.design.relational.FKIndexAssociation" directorySegmentName="seg_0" id="079CF1A4-7F0E-5081-4EAD-21E936650948" containerWithKeyObject="0655EAF3-91C4-8B0E-7CA9-B38830810C25" localFKIndex="2555043A-54C5-3727-FDD3-A6F52D469682" name="inv_inventario_esc_escuela_FK">
<createdBy>mcorteze</createdBy>
<createdTime>2024-10-01 03:43:13 UTC</createdTime>
<generatorID>8A616AE0-AF7E-2B60-CF25-07BBECDC294D</generatorID>
<ownerDesignName>modelo_semana8</ownerDesignName>
<referredTableLongName>esc_escuela</referredTableLongName>
<deleteRule>NO ACTION</deleteRule>
<referredTableID>D60EA4F1-9251-D0CF-3356-CA263C0C7C01</referredTableID>
<keyObject>9352DB8E-C7A2-C69E-9BCC-A0551D9A2F38</keyObject>
<referredKeyID>9352DB8E-C7A2-C69E-9BCC-A0551D9A2F38</referredKeyID>
<mandatory>true</mandatory>
<refColNames>esc_id</refColNames>
<transferable>true</transferable>
<rely>false</rely>
<columnDependencyConstraintGenerateInDDL>true</columnDependencyConstraintGenerateInDDL>
</FKIndexAssociation>