<?xml version = '1.0' encoding = 'UTF-8'?>
<FKIndexAssociation class="oracle.dbtools.crest.model.design.relational.FKIndexAssociation" directorySegmentName="seg_0" id="497CF16D-6650-CAEC-5AC1-BB89D5E7D69A" containerWithKeyObject="5DF3357F-E881-AF46-5EE0-1F5C68FA39FC" localFKIndex="B408D0E4-1B23-E30E-EEAD-9BEB4B12CDA5" name="ins_instalacion_esc_escuela_FK">
<createdBy>mcorteze</createdBy>
<createdTime>2024-10-01 03:43:13 UTC</createdTime>
<generatorID>58906A38-C365-A46D-EF95-B3BE038D36DA</generatorID>
<ownerDesignName>modelo_semana8</ownerDesignName>
<referredTableLongName>esc_escuela</referredTableLongName>
<deleteRule>NO ACTION</deleteRule>
<referredTableID>D60EA4F1-9251-D0CF-3356-CA263C0C7C01</referredTableID>
<keyObject>9352DB8E-C7A2-C69E-9BCC-A0551D9A2F38</keyObject>
<referredKeyID>9352DB8E-C7A2-C69E-9BCC-A0551D9A2F38</referredKeyID>
<mandatory>true</mandatory>
<refColNames>esc_id</refColNames>
<transferable>true</transferable>
<rely>false</rely>
<columnDependencyConstraintGenerateInDDL>true</columnDependencyConstraintGenerateInDDL>
</FKIndexAssociation>