<?xml version = '1.0' encoding = 'UTF-8'?>
<FKIndexAssociation class="oracle.dbtools.crest.model.design.relational.FKIndexAssociation" directorySegmentName="seg_0" id="5BA912B7-186F-AD4D-1EE7-3462C0F78787" containerWithKeyObject="3DC33701-0F97-18C8-4DC3-CF5FAAA84D65" localFKIndex="52D8134D-A89A-C5B8-F741-77CEF6B3F300" name="per_persona_esc_escuela_FK">
<createdBy>mcorteze</createdBy>
<createdTime>2024-10-01 03:43:13 UTC</createdTime>
<generatorID>70305265-1387-FA4F-A299-F5EFCF3467B3</generatorID>
<ownerDesignName>modelo_semana8</ownerDesignName>
<referredTableLongName>esc_escuela</referredTableLongName>
<deleteRule>NO ACTION</deleteRule>
<referredTableID>D60EA4F1-9251-D0CF-3356-CA263C0C7C01</referredTableID>
<keyObject>9352DB8E-C7A2-C69E-9BCC-A0551D9A2F38</keyObject>
<referredKeyID>9352DB8E-C7A2-C69E-9BCC-A0551D9A2F38</referredKeyID>
<mandatory>true</mandatory>
<refColNames>esc_id</refColNames>
<transferable>true</transferable>
<rely>false</rely>
<columnDependencyConstraintGenerateInDDL>true</columnDependencyConstraintGenerateInDDL>
</FKIndexAssociation>