<?xml version = '1.0' encoding = 'UTF-8'?>
<FKIndexAssociation class="oracle.dbtools.crest.model.design.relational.FKIndexAssociation" directorySegmentName="seg_0" id="2B1DBA96-0099-A75A-7847-09B88080A3F7" containerWithKeyObject="22E120FB-AD12-C274-9E6E-2046D249837B" localFKIndex="A54E4E9C-A3B3-0249-BBDD-3A6CC02AD812" name="Servicio_Orden_FK">
<createdBy>mcorteze</createdBy>
<createdTime>2024-09-03 02:58:19 UTC</createdTime>
<generatorID>9AD94E41-46FE-EE75-91E5-581FDC789AFD</generatorID>
<ownerDesignName>modelo</ownerDesignName>
<referredTableLongName>Orden_Servicio</referredTableLongName>
<deleteRule>NO ACTION</deleteRule>
<referredTableID>19070001-92E2-3B8F-D6C1-B4D7C172DC8A</referredTableID>
<keyObject>163093AE-0CC7-A67C-B4E0-2130F3367992</keyObject>
<referredKeyID>163093AE-0CC7-A67C-B4E0-2130F3367992</referredKeyID>
<mandatory>true</mandatory>
<refColNames>Orden_Servicio_ID</refColNames>
<transferable>true</transferable>
<rely>false</rely>
<columnDependencyConstraintGenerateInDDL>true</columnDependencyConstraintGenerateInDDL>
</FKIndexAssociation>