<?xml version = '1.0' encoding = 'UTF-8'?>
<FKIndexAssociation class="oracle.dbtools.crest.model.design.relational.FKIndexAssociation" directorySegmentName="seg_0" id="A40424B3-4FC1-9D34-0B18-9B3C51948631" containerWithKeyObject="B9DB9D51-C154-8820-BD4E-71EACC20B046" localFKIndex="6D1281B2-C5F0-C877-F2F6-61BF1A2EE94B" name="Orden_Servicio_FK">
<createdBy>mcorteze</createdBy>
<createdTime>2024-09-03 02:58:19 UTC</createdTime>
<generatorID>EEDF07CF-C351-0728-778B-67C245D951E3</generatorID>
<ownerDesignName>modelo</ownerDesignName>
<referredTableLongName>Orden_Servicio</referredTableLongName>
<deleteRule>NO ACTION</deleteRule>
<referredTableID>19070001-92E2-3B8F-D6C1-B4D7C172DC8A</referredTableID>
<keyObject>163093AE-0CC7-A67C-B4E0-2130F3367992</keyObject>
<referredKeyID>163093AE-0CC7-A67C-B4E0-2130F3367992</referredKeyID>
<mandatory>false</mandatory>
<refColNames>Orden_Servicio_ID</refColNames>
<transferable>true</transferable>
<rely>false</rely>
<columnDependencyConstraintGenerateInDDL>true</columnDependencyConstraintGenerateInDDL>
</FKIndexAssociation>