<?xml version = '1.0' encoding = 'UTF-8'?>
<FKIndexAssociation class="oracle.dbtools.crest.model.design.relational.FKIndexAssociation" directorySegmentName="seg_0" id="A61453DE-2FDB-EF7C-C284-4EF63F271475" containerWithKeyObject="03A16F86-2C16-44F8-A762-4A17E3CA6B7F" localFKIndex="5BD59D6C-CC32-CC04-5ED5-28D6E9513C54" name="Seguimiento_Orden_FK">
<createdBy>mcorteze</createdBy>
<createdTime>2024-09-03 02:58:19 UTC</createdTime>
<generatorID>63C3F78B-C985-3859-241E-424CCE2A75BB</generatorID>
<ownerDesignName>modelo</ownerDesignName>
<referredTableLongName>Orden</referredTableLongName>
<deleteRule>NO ACTION</deleteRule>
<referredTableID>B9DB9D51-C154-8820-BD4E-71EACC20B046</referredTableID>
<keyObject>CF89B5C3-88C1-699C-9BDA-048BC58CC1A3</keyObject>
<referredKeyID>CF89B5C3-88C1-699C-9BDA-048BC58CC1A3</referredKeyID>
<mandatory>true</mandatory>
<refColNames>id_orden</refColNames>
<transferable>true</transferable>
<rely>false</rely>
<columnDependencyConstraintGenerateInDDL>true</columnDependencyConstraintGenerateInDDL>
</FKIndexAssociation>