<?xml version = '1.0' encoding = 'UTF-8'?>
<FKIndexAssociation class="oracle.dbtools.crest.model.design.relational.FKIndexAssociation" directorySegmentName="seg_0" id="B59F43D6-EE8F-00E9-CC13-9C2FDC1DED37" containerWithKeyObject="B9DB9D51-C154-8820-BD4E-71EACC20B046" localFKIndex="B7665BFB-17D5-52B1-9EF1-89B7225CBA6B" name="Orden_Cliente_FK">
<createdBy>mcorteze</createdBy>
<createdTime>2024-09-03 02:58:19 UTC</createdTime>
<generatorID>43C11E00-4686-A97B-11F4-C8D3190C1D93</generatorID>
<ownerDesignName>modelo</ownerDesignName>
<referredTableLongName>Cliente</referredTableLongName>
<deleteRule>NO ACTION</deleteRule>
<referredTableID>8A8D5C5F-E158-EFE3-1AA8-A14801BD1C7B</referredTableID>
<keyObject>FB4E0B2F-C66A-705F-E701-3C604FFA7055</keyObject>
<referredKeyID>FB4E0B2F-C66A-705F-E701-3C604FFA7055</referredKeyID>
<mandatory>true</mandatory>
<refColNames>rut</refColNames>
<transferable>true</transferable>
<rely>false</rely>
<columnDependencyConstraintGenerateInDDL>true</columnDependencyConstraintGenerateInDDL>
</FKIndexAssociation>