<?xml version = '1.0' encoding = 'UTF-8'?>
<FKIndexAssociation class="oracle.dbtools.crest.model.design.relational.FKIndexAssociation" directorySegmentName="seg_0" id="D8F1BFDF-A07C-0AD8-575C-31008BDF20D4" containerWithKeyObject="0F12E414-EECD-7230-BC03-7E53830470FF" localFKIndex="51016C9E-37EA-AC95-F4E9-C070DC850475" name="Vehiculo_Cliente_FK">
<createdBy>mcorteze</createdBy>
<createdTime>2024-09-03 02:58:19 UTC</createdTime>
<generatorID>16BFB7D2-8C03-05A3-CC73-CCCBAF9B7121</generatorID>
<ownerDesignName>modelo</ownerDesignName>
<referredTableLongName>Cliente</referredTableLongName>
<deleteRule>NO ACTION</deleteRule>
<referredTableID>8A8D5C5F-E158-EFE3-1AA8-A14801BD1C7B</referredTableID>
<keyObject>FB4E0B2F-C66A-705F-E701-3C604FFA7055</keyObject>
<referredKeyID>FB4E0B2F-C66A-705F-E701-3C604FFA7055</referredKeyID>
<mandatory>true</mandatory>
<refColNames>rut</refColNames>
<transferable>true</transferable>
<rely>false</rely>
<columnDependencyConstraintGenerateInDDL>true</columnDependencyConstraintGenerateInDDL>
</FKIndexAssociation>