<?xml version = '1.0' encoding = 'UTF-8'?>
<FKIndexAssociation class="oracle.dbtools.crest.model.design.relational.FKIndexAssociation" directorySegmentName="seg_0" id="ED58AB43-B72A-B9FB-6954-0FC311EBEC14" containerWithKeyObject="9DDCFE61-BD4B-6A61-7868-D451FB20D380" localFKIndex="E339093F-8F8A-DE39-667B-DAAD003AB65B" name="Repuesto_Orden_FK">
<createdBy>mcorteze</createdBy>
<createdTime>2024-09-03 02:58:19 UTC</createdTime>
<generatorID>0A70EEF7-ADC3-3374-4F3A-CB7EC3291EB0</generatorID>
<ownerDesignName>modelo</ownerDesignName>
<referredTableLongName>Orden</referredTableLongName>
<deleteRule>NO ACTION</deleteRule>
<referredTableID>B9DB9D51-C154-8820-BD4E-71EACC20B046</referredTableID>
<keyObject>CF89B5C3-88C1-699C-9BDA-048BC58CC1A3</keyObject>
<referredKeyID>CF89B5C3-88C1-699C-9BDA-048BC58CC1A3</referredKeyID>
<mandatory>true</mandatory>
<refColNames>id_orden</refColNames>
<transferable>true</transferable>
<rely>false</rely>
<columnDependencyConstraintGenerateInDDL>true</columnDependencyConstraintGenerateInDDL>
</FKIndexAssociation>