<?xml version = '1.0' encoding = 'UTF-8'?>
<FKIndexAssociation class="oracle.dbtools.crest.model.design.relational.FKIndexAssociation" directorySegmentName="seg_0" id="FFD45D15-7AC2-2699-8C83-C34B09D52622" containerWithKeyObject="B9DB9D51-C154-8820-BD4E-71EACC20B046" localFKIndex="47A4A0C6-F90F-70D9-B52A-254F34D17577" name="Orden_Vehiculo_FK">
<createdBy>mcorteze</createdBy>
<createdTime>2024-09-03 02:58:19 UTC</createdTime>
<generatorID>EF8C3838-9FDB-4326-C3C5-0EB4078C212C</generatorID>
<ownerDesignName>modelo</ownerDesignName>
<referredTableLongName>Vehiculo</referredTableLongName>
<deleteRule>NO ACTION</deleteRule>
<referredTableID>0F12E414-EECD-7230-BC03-7E53830470FF</referredTableID>
<keyObject>4A888AF4-8402-FE30-47CB-EAA9679F58D2</keyObject>
<referredKeyID>4A888AF4-8402-FE30-47CB-EAA9679F58D2</referredKeyID>
<mandatory>true</mandatory>
<refColNames>patente</refColNames>
<transferable>true</transferable>
<rely>false</rely>
<columnDependencyConstraintGenerateInDDL>true</columnDependencyConstraintGenerateInDDL>
</FKIndexAssociation>