<?xml version = '1.0' encoding = 'UTF-8'?>
<Diagram class="oracle.dbtools.crest.swingui.relational.DPVRelational" name="Relational_1" id="268009D6-CB4E-05CA-CD57-DA9D7BF9F3E2">
<createdBy>mcorteze</createdBy>
<modifiedBy>mcorteze</modifiedBy>
<createdTime>2024-09-03 02:58:12 UTC</createdTime>
<autoRoute>false</autoRoute>
<boxInbox>true</boxInbox>
<showLegend>false</showLegend>
<showLabels>false</showLabels>
<showRelAttributes>false</showRelAttributes>
<gridEnabled>false</gridEnabled>
<showGrid>false</showGrid>
<diagramColor>-1</diagramColor>
<display>false</display>
<notation>1</notation>
<objectViews>
<OView class="oracle.dbtools.crest.swingui.relational.TVTable" oid="03A16F86-2C16-44F8-A762-4A17E3CA6B7F" otype="Table" vid="9A88292E-6998-7F94-7761-88341C5640C0">
<hideElementsInCurrentOnly>false</hideElementsInCurrentOnly>
<bounds x="654" y="80" width="170" height="110"/>
</OView>
<OView class="oracle.dbtools.crest.swingui.relational.TVTable" oid="0F12E414-EECD-7230-BC03-7E53830470FF" otype="Table" vid="4B26C811-413B-1081-9376-441051EE2E1E">
<hideElementsInCurrentOnly>false</hideElementsInCurrentOnly>
<bounds x="54" y="285" width="170" height="110"/>
</OView>
<OView class="oracle.dbtools.crest.swingui.relational.TVTable" oid="19070001-92E2-3B8F-D6C1-B4D7C172DC8A" otype="Table" vid="7CB74D74-F6BB-5877-B60E-3AD5FA08B6BC">
<hideElementsInCurrentOnly>false</hideElementsInCurrentOnly>
<bounds x="337" y="241" width="170" height="72"/>
</OView>
<OView class="oracle.dbtools.crest.swingui.relational.TVTable" oid="22E120FB-AD12-C274-9E6E-2046D249837B" otype="Table" vid="998A8199-E64F-D9FF-DF59-ABEB0E8C9FE2">
<hideElementsInCurrentOnly>false</hideElementsInCurrentOnly>
<bounds x="339" y="338" width="170" height="110"/>
</OView>
<OView class="oracle.dbtools.crest.swingui.relational.TVTable" oid="8A8D5C5F-E158-EFE3-1AA8-A14801BD1C7B" otype="Table" vid="BB5452A5-6582-C5DF-D4BE-200423A02AFB">
<hideElementsInCurrentOnly>false</hideElementsInCurrentOnly>
<bounds x="51" y="26" width="170" height="110"/>
</OView>
<OView class="oracle.dbtools.crest.swingui.relational.TVTable" oid="9DDCFE61-BD4B-6A61-7868-D451FB20D380" otype="Table" vid="C89E875A-5241-0F84-06FB-392BCB92B967">
<hideElementsInCurrentOnly>false</hideElementsInCurrentOnly>
<bounds x="665" y="243" width="170" height="110"/>
</OView>
<OView class="oracle.dbtools.crest.swingui.relational.TVTable" oid="B9DB9D51-C154-8820-BD4E-71EACC20B046" otype="Table" vid="F9DD81D1-F3F9-DFF6-C2DD-39ABAC6677B1">
<hideElementsInCurrentOnly>false</hideElementsInCurrentOnly>
<bounds x="337" y="74" width="170" height="110"/>
</OView>
</objectViews>
<connectors>
<Connector class="oracle.dbtools.crest.swingui.relational.TVFKRelation" oid="2B1DBA96-0099-A75A-7847-09B88080A3F7" otype="FKIndexAssociation" vid_source="7CB74D74-F6BB-5877-B60E-3AD5FA08B6BC" vid_target="998A8199-E64F-D9FF-DF59-ABEB0E8C9FE2">
<hideElementsInCurrentOnly>false</hideElementsInCurrentOnly>
<backgroundColor>-16777216</backgroundColor>
<lineWidth>1</lineWidth>
<points>
<point x="438" y="313"/>
<point x="438" y="338"/>
</points>
</Connector>
<Connector class="oracle.dbtools.crest.swingui.relational.TVFKRelation" oid="A40424B3-4FC1-9D34-0B18-9B3C51948631" otype="FKIndexAssociation" vid_source="7CB74D74-F6BB-5877-B60E-3AD5FA08B6BC" vid_target="F9DD81D1-F3F9-DFF6-C2DD-39ABAC6677B1">
<hideElementsInCurrentOnly>false</hideElementsInCurrentOnly>
<backgroundColor>-16777216</backgroundColor>
<lineWidth>1</lineWidth>
<points>
<point x="437" y="241"/>
<point x="437" y="184"/>
</points>
</Connector>
<Connector class="oracle.dbtools.crest.swingui.relational.TVFKRelation" oid="A61453DE-2FDB-EF7C-C284-4EF63F271475" otype="FKIndexAssociation" vid_source="F9DD81D1-F3F9-DFF6-C2DD-39ABAC6677B1" vid_target="9A88292E-6998-7F94-7761-88341C5640C0">
<hideElementsInCurrentOnly>false</hideElementsInCurrentOnly>
<backgroundColor>-16777216</backgroundColor>
<lineWidth>1</lineWidth>
<points>
<point x="507" y="132"/>
<point x="654" y="132"/>
</points>
</Connector>
<Connector class="oracle.dbtools.crest.swingui.relational.TVFKRelation" oid="B59F43D6-EE8F-00E9-CC13-9C2FDC1DED37" otype="FKIndexAssociation" vid_source="BB5452A5-6582-C5DF-D4BE-200423A02AFB" vid_target="F9DD81D1-F3F9-DFF6-C2DD-39ABAC6677B1">
<hideElementsInCurrentOnly>false</hideElementsInCurrentOnly>
<backgroundColor>-16777216</backgroundColor>
<lineWidth>1</lineWidth>
<points>
<point x="221" y="105"/>
<point x="337" y="105"/>
</points>
</Connector>
<Connector class="oracle.dbtools.crest.swingui.relational.TVFKRelation" oid="D8F1BFDF-A07C-0AD8-575C-31008BDF20D4" otype="FKIndexAssociation" vid_source="BB5452A5-6582-C5DF-D4BE-200423A02AFB" vid_target="4B26C811-413B-1081-9376-441051EE2E1E">
<hideElementsInCurrentOnly>false</hideElementsInCurrentOnly>
<backgroundColor>-16777216</backgroundColor>
<lineWidth>1</lineWidth>
<points>
<point x="137" y="136"/>
<point x="137" y="285"/>
</points>
</Connector>
<Connector class="oracle.dbtools.crest.swingui.relational.TVFKRelation" oid="ED58AB43-B72A-B9FB-6954-0FC311EBEC14" otype="FKIndexAssociation" vid_source="F9DD81D1-F3F9-DFF6-C2DD-39ABAC6677B1" vid_target="C89E875A-5241-0F84-06FB-392BCB92B967">
<hideElementsInCurrentOnly>false</hideElementsInCurrentOnly>
<backgroundColor>-16777216</backgroundColor>
<lineWidth>1</lineWidth>
<points>
<point x="507" y="172"/>
<point x="665" y="254"/>
</points>
</Connector>
<Connector class="oracle.dbtools.crest.swingui.relational.TVFKRelation" oid="FFD45D15-7AC2-2699-8C83-C34B09D52622" otype="FKIndexAssociation" vid_source="4B26C811-413B-1081-9376-441051EE2E1E" vid_target="F9DD81D1-F3F9-DFF6-C2DD-39ABAC6677B1">
<hideElementsInCurrentOnly>false</hideElementsInCurrentOnly>
<backgroundColor>-16777216</backgroundColor>
<lineWidth>1</lineWidth>
<points>
<point x="212" y="285"/>
<point x="348" y="184"/>
</points>
</Connector>
</connectors>
</Diagram>