<?xml version = '1.0' encoding = 'UTF-8'?>
<Diagram class="oracle.dbtools.crest.swingui.logical.DPVLogical" name="Logical" id="FA09F975-B4D1-FB4C-26D8-004A104141FE">
<createdBy>mcorteze</createdBy>
<modifiedBy>mcorteze</modifiedBy>
<createdTime>2024-09-02 20:38:19 UTC</createdTime>
<autoRoute>false</autoRoute>
<boxInbox>true</boxInbox>
<showLegend>false</showLegend>
<showLabels>false</showLabels>
<showRelAttributes>false</showRelAttributes>
<gridEnabled>false</gridEnabled>
<showGrid>false</showGrid>
<diagramColor>-1</diagramColor>
<display>false</display>
<notation>1</notation>
<objectViews>
<OView class="oracle.dbtools.crest.swingui.logical.TVEntity" oid="217559BB-4747-069B-5DA7-002ACA35751D" otype="Entity" vid="05ADCB69-72C5-0134-9B1A-6EB265B210AF">
<hideElementsInCurrentOnly>false</hideElementsInCurrentOnly>
<bounds x="337" y="241" width="170" height="72"/>
</OView>
<OView class="oracle.dbtools.crest.swingui.logical.TVEntity" oid="89E258E5-558F-FBB5-62FF-044639A166A2" otype="Entity" vid="EB8BD8CF-D9D9-93BA-A4BB-26B8AE8FA902">
<hideElementsInCurrentOnly>false</hideElementsInCurrentOnly>
<bounds x="337" y="74" width="170" height="110"/>
</OView>
<OView class="oracle.dbtools.crest.swingui.logical.TVEntity" oid="C32F12F4-B0DA-5119-4C6C-0E23DA056E96" otype="Entity" vid="23FBE535-B702-3D0C-571A-0D0066287C7B">
<hideElementsInCurrentOnly>false</hideElementsInCurrentOnly>
<bounds x="654" y="80" width="170" height="110"/>
</OView>
<OView class="oracle.dbtools.crest.swingui.logical.TVEntity" oid="DA22AF0B-3E1B-A6A4-1472-31B83DC91E63" otype="Entity" vid="7B04D0DB-3FC3-DB77-3756-D84F146C5389">
<hideElementsInCurrentOnly>false</hideElementsInCurrentOnly>
<bounds x="339" y="338" width="170" height="110"/>
</OView>
<OView class="oracle.dbtools.crest.swingui.logical.TVEntity" oid="DA85EA6A-F818-9938-101A-55E71820F207" otype="Entity" vid="FFBE6FBD-6119-D325-2A6A-7F7A6F3E0CE3">
<hideElementsInCurrentOnly>false</hideElementsInCurrentOnly>
<bounds x="665" y="243" width="170" height="110"/>
</OView>
<OView class="oracle.dbtools.crest.swingui.logical.TVEntity" oid="E17C79CD-60C2-99C6-E753-E3967A2DA601" otype="Entity" vid="833F757B-E025-1C97-0ADD-2C87D28401C2">
<hideElementsInCurrentOnly>false</hideElementsInCurrentOnly>
<bounds x="51" y="26" width="170" height="110"/>
</OView>
<OView class="oracle.dbtools.crest.swingui.logical.TVEntity" oid="F26951DA-B752-BA42-45F0-96774C8BD5E8" otype="Entity" vid="23746DC0-3DF5-BD08-DDC6-EED578CE8539">
<hideElementsInCurrentOnly>false</hideElementsInCurrentOnly>
<bounds x="54" y="285" width="170" height="110"/>
</OView>
</objectViews>
<connectors>
<Connector class="oracle.dbtools.crest.swingui.logical.TVRelation" oid="0A70EEF7-ADC3-3374-4F3A-CB7EC3291EB0" otype="Relation" vid_source="EB8BD8CF-D9D9-93BA-A4BB-26B8AE8FA902" vid_target="FFBE6FBD-6119-D325-2A6A-7F7A6F3E0CE3">
<hideElementsInCurrentOnly>false</hideElementsInCurrentOnly>
<backgroundColor>-16777216</backgroundColor>
<lineWidth>1</lineWidth>
<points>
<point x="507" y="172"/>
<point x="665" y="254"/>
</points>
</Connector>
<Connector class="oracle.dbtools.crest.swingui.logical.TVRelation" oid="16BFB7D2-8C03-05A3-CC73-CCCBAF9B7121" otype="Relation" vid_source="833F757B-E025-1C97-0ADD-2C87D28401C2" vid_target="23746DC0-3DF5-BD08-DDC6-EED578CE8539">
<hideElementsInCurrentOnly>false</hideElementsInCurrentOnly>
<backgroundColor>-16777216</backgroundColor>
<lineWidth>1</lineWidth>
<points>
<point x="137" y="136"/>
<point x="137" y="285"/>
</points>
</Connector>
<Connector class="oracle.dbtools.crest.swingui.logical.TVRelation" oid="43C11E00-4686-A97B-11F4-C8D3190C1D93" otype="Relation" vid_source="833F757B-E025-1C97-0ADD-2C87D28401C2" vid_target="EB8BD8CF-D9D9-93BA-A4BB-26B8AE8FA902">
<hideElementsInCurrentOnly>false</hideElementsInCurrentOnly>
<backgroundColor>-16777216</backgroundColor>
<lineWidth>1</lineWidth>
<points>
<point x="221" y="105"/>
<point x="337" y="105"/>
</points>
</Connector>
<Connector class="oracle.dbtools.crest.swingui.logical.TVRelation" oid="63C3F78B-C985-3859-241E-424CCE2A75BB" otype="Relation" vid_source="EB8BD8CF-D9D9-93BA-A4BB-26B8AE8FA902" vid_target="23FBE535-B702-3D0C-571A-0D0066287C7B">
<hideElementsInCurrentOnly>false</hideElementsInCurrentOnly>
<backgroundColor>-16777216</backgroundColor>
<lineWidth>1</lineWidth>
<points>
<point x="507" y="132"/>
<point x="654" y="132"/>
</points>
</Connector>
<Connector class="oracle.dbtools.crest.swingui.logical.TVRelation" oid="9AD94E41-46FE-EE75-91E5-581FDC789AFD" otype="Relation" vid_source="05ADCB69-72C5-0134-9B1A-6EB265B210AF" vid_target="7B04D0DB-3FC3-DB77-3756-D84F146C5389">
<hideElementsInCurrentOnly>false</hideElementsInCurrentOnly>
<backgroundColor>-16777216</backgroundColor>
<lineWidth>1</lineWidth>
<points>
<point x="438" y="313"/>
<point x="438" y="338"/>
</points>
</Connector>
<Connector class="oracle.dbtools.crest.swingui.logical.TVRelation" oid="EEDF07CF-C351-0728-778B-67C245D951E3" otype="Relation" vid_source="EB8BD8CF-D9D9-93BA-A4BB-26B8AE8FA902" vid_target="05ADCB69-72C5-0134-9B1A-6EB265B210AF">
<hideElementsInCurrentOnly>false</hideElementsInCurrentOnly>
<backgroundColor>-16777216</backgroundColor>
<lineWidth>1</lineWidth>
<points>
<point x="437" y="184"/>
<point x="437" y="241"/>
</points>
</Connector>
<Connector class="oracle.dbtools.crest.swingui.logical.TVRelation" oid="EF8C3838-9FDB-4326-C3C5-0EB4078C212C" otype="Relation" vid_source="23746DC0-3DF5-BD08-DDC6-EED578CE8539" vid_target="EB8BD8CF-D9D9-93BA-A4BB-26B8AE8FA902">
<hideElementsInCurrentOnly>false</hideElementsInCurrentOnly>
<backgroundColor>-16777216</backgroundColor>
<lineWidth>1</lineWidth>
<points>
<point x="212" y="285"/>
<point x="348" y="184"/>
</points>
</Connector>
</connectors>
</Diagram>