<?xml version = '1.0' encoding = 'UTF-8'?>
<Relation class="oracle.dbtools.crest.model.design.logical.Relation" name="Relation_6" directorySegmentName="seg_0" id="028F42A5-F744-7F46-1650-98C71E554B4E">
<createdBy>mcorteze</createdBy>
<createdTime>2024-09-17 01:18:17 UTC</createdTime>
<ownerDesignName>modelo6</ownerDesignName>
<engineerTo>
<item key="476273CC-CDCB-DB8F-93AD-D49C2A19A961" value="true"/>
</engineerTo>
<sourcePk>7484DCA4-7BFF-D1C8-DB3D-1EA0A052621E</sourcePk>
<identifying>false</identifying>
<optionalSource>false</optionalSource>
<optionalTarget>false</optionalTarget>
<sourceCardinality>1</sourceCardinality>
<sourceEntity>52452468-1937-E64A-7A62-4DA0FBE2C922</sourceEntity>
<targetCardinalityString>*</targetCardinalityString>
<targetEntity>AA637E0E-38F9-DD30-36D2-C3D7CA7F7394</targetEntity>
<transferable>true</transferable>
<deleteRule>NO ACTION</deleteRule>
</Relation>