<?xml version = '1.0' encoding = 'UTF-8'?>
<Relation class="oracle.dbtools.crest.model.design.logical.Relation" name="Relation_9" directorySegmentName="seg_0" id="0DEBE8C0-E6F8-3FC0-4988-9A3AC9CA9FCC">
<createdBy>mcorteze</createdBy>
<createdTime>2024-09-17 01:24:45 UTC</createdTime>
<ownerDesignName>modelo6</ownerDesignName>
<engineerTo>
<item key="476273CC-CDCB-DB8F-93AD-D49C2A19A961" value="true"/>
</engineerTo>
<sourcePk>7484DCA4-7BFF-D1C8-DB3D-1EA0A052621E</sourcePk>
<identifying>false</identifying>
<optionalSource>true</optionalSource>
<optionalTarget>false</optionalTarget>
<sourceCardinality>1</sourceCardinality>
<sourceEntity>52452468-1937-E64A-7A62-4DA0FBE2C922</sourceEntity>
<targetCardinalityString>*</targetCardinalityString>
<targetEntity>BC284A70-2585-8E71-0734-381AC09FECAA</targetEntity>
<transferable>true</transferable>
<deleteRule>NO ACTION</deleteRule>
</Relation>