<?xml version = '1.0' encoding = 'UTF-8'?>
<Relation class="oracle.dbtools.crest.model.design.logical.Relation" name="Relation_4" directorySegmentName="seg_0" id="3DB5FB0B-A354-7A6A-78CA-1C24C6FE3CA4">
<createdBy>mcorteze</createdBy>
<createdTime>2024-09-17 01:17:48 UTC</createdTime>
<ownerDesignName>modelo6</ownerDesignName>
<engineerTo>
<item key="476273CC-CDCB-DB8F-93AD-D49C2A19A961" value="true"/>
</engineerTo>
<sourcePk>F8CFAF5A-086E-1CCE-BE4A-06E9F7EF954B</sourcePk>
<targetPk>CC98C178-90D1-A127-D9EA-900D9C0D8A45</targetPk>
<identifying>false</identifying>
<optionalSource>false</optionalSource>
<optionalTarget>false</optionalTarget>
<sourceCardinality>1</sourceCardinality>
<sourceEntity>AA277A14-302B-E544-D2E9-B34ECF98EFF4</sourceEntity>
<targetCardinalityString>*</targetCardinalityString>
<targetEntity>6BE4003A-AA0A-FFCF-9E6C-E633F24C4475</targetEntity>
<transferable>true</transferable>
<deleteRule>NO ACTION</deleteRule>
</Relation>