<?xml version = '1.0' encoding = 'UTF-8'?>
<relationalModel class="oracle.dbtools.crest.model.design.relational.RelationalDesign" name="Relational_1" id="AB07EB58-40FC-4E9B-1099-E637EF8A7277" mainViewID="EDA7B7BA-5DAF-1409-B6D8-F4D0E6C10DC2">
<createdBy>mcorteze</createdBy>
<createdTime>2024-10-01 03:08:58 UTC</createdTime>
<ownerDesignName>modelo_semana8</ownerDesignName>
<shouldBeOpen>false</shouldBeOpen>
<selectedRDBMSSite>32076570-2523-435C-2E92-BF29817DFF70</selectedRDBMSSite>
</relationalModel>