<?xml version = '1.0' encoding = 'UTF-8'?>
<Entity class="oracle.dbtools.crest.model.design.logical.Entity" directorySegmentName="seg_0" id="4FD2E6D6-6342-8ABB-AD4A-2029F4CE2A8D" name="inv_inventario">
<createdBy>mcorteze</createdBy>
<createdTime>2024-10-01 03:16:41 UTC</createdTime>
<ownerDesignName>modelo_semana8</ownerDesignName>
<engineerTo>
<item key="AB07EB58-40FC-4E9B-1099-E637EF8A7277" value="true"/>
</engineerTo>
<adequatelyNormalized>NO</adequatelyNormalized>
<expectedVolumes>0</expectedVolumes>
<fwdEngineeringStrategyName>Single Table</fwdEngineeringStrategyName>
<growthPercent>0</growthPercent>
<growthType>Year</growthType>
<maxVolumes>9999999</maxVolumes>
<minVolumes>0</minVolumes>
<normalForm>Third</normalForm>
<attributes itemClass="oracle.dbtools.crest.model.design.logical.Attribute">
<Attribute name="inv_id" id="7CEC50C2-AC57-1277-FC11-FDF1A859F127">
<createdBy>mcorteze</createdBy>
<createdTime>2024-10-01 03:16:47 UTC</createdTime>
<ownerDesignName>modelo_semana8</ownerDesignName>
<engineerTo>
<item key="AB07EB58-40FC-4E9B-1099-E637EF8A7277" value="true"/>
</engineerTo>
<useDomainConstraints>false</useDomainConstraints>
<use>1</use>
<logicalDatatype>LOGDT011</logicalDatatype>
<ownDataTypeParameters>,,</ownDataTypeParameters>
</Attribute>
<Attribute name="inv_nombre" id="5ADAC683-4EF9-2AA8-9BC3-22036F0858FA">
<createdBy>mcorteze</createdBy>
<createdTime>2024-10-01 03:16:58 UTC</createdTime>
<ownerDesignName>modelo_semana8</ownerDesignName>
<engineerTo>
<item key="AB07EB58-40FC-4E9B-1099-E637EF8A7277" value="true"/>
</engineerTo>
<nullsAllowed>true</nullsAllowed>
<useDomainConstraints>false</useDomainConstraints>
<use>1</use>
<logicalDatatype>LOGDT024</logicalDatatype>
<dataTypeSize>100 BYTE</dataTypeSize>
<ownDataTypeParameters>100 BYTE,,</ownDataTypeParameters>
</Attribute>
<Attribute name="inv_cantidad" id="651ED4D9-9A59-9AF2-08D8-A79482BC5E88">
<createdBy>mcorteze</createdBy>
<createdTime>2024-10-01 03:17:20 UTC</createdTime>
<ownerDesignName>modelo_semana8</ownerDesignName>
<engineerTo>
<item key="AB07EB58-40FC-4E9B-1099-E637EF8A7277" value="true"/>
</engineerTo>
<nullsAllowed>true</nullsAllowed>
<useDomainConstraints>false</useDomainConstraints>
<use>1</use>
<logicalDatatype>LOGDT011</logicalDatatype>
<ownDataTypeParameters>,,</ownDataTypeParameters>
</Attribute>
<Attribute name="inv_fechacompra" id="6FAF9616-20B4-2B19-F508-46F2B86FC218">
<createdBy>mcorteze</createdBy>
<createdTime>2024-10-01 03:17:28 UTC</createdTime>
<ownerDesignName>modelo_semana8</ownerDesignName>
<engineerTo>
<item key="AB07EB58-40FC-4E9B-1099-E637EF8A7277" value="true"/>
</engineerTo>
<nullsAllowed>true</nullsAllowed>
<useDomainConstraints>false</useDomainConstraints>
<use>1</use>
<logicalDatatype>LOGDT007</logicalDatatype>
<ownDataTypeParameters>,,</ownDataTypeParameters>
</Attribute>
<Attribute name="esc_id" id="2531D6A9-FD2A-2EF5-CA17-DCDB0FD0754A">
<createdBy>mcorteze</createdBy>
<createdTime>2024-10-01 03:37:16 UTC</createdTime>
<generatorID>8A616AE0-AF7E-2B60-CF25-07BBECDC294D</generatorID>
<ownerDesignName>modelo_semana8</ownerDesignName>
<engineerTo>
<item key="AB07EB58-40FC-4E9B-1099-E637EF8A7277" value="true"/>
</engineerTo>
<referedAttribute>46539F08-FA5E-0B50-A5E8-A56A77705DC4</referedAttribute>
<useDomainConstraints>false</useDomainConstraints>
<use>1</use>
<logicalDatatype>LOGDT011</logicalDatatype>
<ownDataTypeParameters>,,</ownDataTypeParameters>
</Attribute>
</attributes>
<identifiers itemClass="oracle.dbtools.crest.model.design.logical.CandidateKey">
<identifier id="5D6999A8-AC9C-F591-DAEA-E81878C34522" name="inv_inventario PK">
<createdBy>mcorteze</createdBy>
<createdTime>2024-10-01 03:16:56 UTC</createdTime>
<ownerDesignName>modelo_semana8</ownerDesignName>
<engineerTo>
<item key="AB07EB58-40FC-4E9B-1099-E637EF8A7277" value="true"/>
</engineerTo>
<pk>true</pk>
<usedAttributes>
<attributeRef>7CEC50C2-AC57-1277-FC11-FDF1A859F127</attributeRef>
<attributeRef>2531D6A9-FD2A-2EF5-CA17-DCDB0FD0754A</attributeRef>
</usedAttributes>
</identifier>
</identifiers>
</Entity>