<?xml version = '1.0' encoding = 'UTF-8'?>
<Entity class="oracle.dbtools.crest.model.design.logical.Entity" directorySegmentName="seg_0" id="C0D1ECE3-38D4-0940-0716-F005045712AC" name="cos_costo">
<createdBy>mcorteze</createdBy>
<createdTime>2024-10-01 03:09:11 UTC</createdTime>
<ownerDesignName>modelo_semana8</ownerDesignName>
<engineerTo>
<item key="AB07EB58-40FC-4E9B-1099-E637EF8A7277" value="true"/>
</engineerTo>
<adequatelyNormalized>NO</adequatelyNormalized>
<expectedVolumes>0</expectedVolumes>
<fwdEngineeringStrategyName>Single Table</fwdEngineeringStrategyName>
<growthPercent>0</growthPercent>
<growthType>Year</growthType>
<maxVolumes>9999999</maxVolumes>
<minVolumes>0</minVolumes>
<normalForm>Third</normalForm>
<attributes itemClass="oracle.dbtools.crest.model.design.logical.Attribute">
<Attribute name="cos_id" id="7C74CC23-0EE7-43C8-0581-5A3B19EA513D">
<createdBy>mcorteze</createdBy>
<createdTime>2024-10-01 03:09:37 UTC</createdTime>
<ownerDesignName>modelo_semana8</ownerDesignName>
<engineerTo>
<item key="AB07EB58-40FC-4E9B-1099-E637EF8A7277" value="true"/>
</engineerTo>
<useDomainConstraints>false</useDomainConstraints>
<use>1</use>
<logicalDatatype>LOGDT011</logicalDatatype>
<ownDataTypeParameters>,,</ownDataTypeParameters>
</Attribute>
<Attribute name="cos_descripcion" id="8A081771-2298-DCA8-19F0-7FB7E70E1407">
<createdBy>mcorteze</createdBy>
<createdTime>2024-10-01 03:09:51 UTC</createdTime>
<ownerDesignName>modelo_semana8</ownerDesignName>
<engineerTo>
<item key="AB07EB58-40FC-4E9B-1099-E637EF8A7277" value="true"/>
</engineerTo>
<nullsAllowed>true</nullsAllowed>
<useDomainConstraints>false</useDomainConstraints>
<use>1</use>
<logicalDatatype>LOGDT024</logicalDatatype>
<dataTypeSize>255 BYTE</dataTypeSize>
<ownDataTypeParameters>255 BYTE,,</ownDataTypeParameters>
</Attribute>
<Attribute name="cos_monto" id="AFBC129F-644A-9483-99E1-1EF6D46FA6EE">
<createdBy>mcorteze</createdBy>
<createdTime>2024-10-01 03:10:10 UTC</createdTime>
<ownerDesignName>modelo_semana8</ownerDesignName>
<engineerTo>
<item key="AB07EB58-40FC-4E9B-1099-E637EF8A7277" value="true"/>
</engineerTo>
<nullsAllowed>true</nullsAllowed>
<useDomainConstraints>false</useDomainConstraints>
<use>1</use>
<logicalDatatype>LOGDT011</logicalDatatype>
<ownDataTypeParameters>,,</ownDataTypeParameters>
</Attribute>
<Attribute name="cos_fecha" id="8DC38961-F75A-17A8-4D51-7174B922FCB2">
<createdBy>mcorteze</createdBy>
<createdTime>2024-10-01 03:10:28 UTC</createdTime>
<ownerDesignName>modelo_semana8</ownerDesignName>
<engineerTo>
<item key="AB07EB58-40FC-4E9B-1099-E637EF8A7277" value="true"/>
</engineerTo>
<nullsAllowed>true</nullsAllowed>
<useDomainConstraints>false</useDomainConstraints>
<use>1</use>
<logicalDatatype>LOGDT007</logicalDatatype>
<ownDataTypeParameters>,,</ownDataTypeParameters>
</Attribute>
<Attribute name="cos_tipocosto" id="141EBB85-96F0-3349-2924-C99CD2068775">
<createdBy>mcorteze</createdBy>
<createdTime>2024-10-01 03:10:38 UTC</createdTime>
<ownerDesignName>modelo_semana8</ownerDesignName>
<engineerTo>
<item key="AB07EB58-40FC-4E9B-1099-E637EF8A7277" value="true"/>
</engineerTo>
<nullsAllowed>true</nullsAllowed>
<useDomainConstraints>false</useDomainConstraints>
<use>1</use>
<logicalDatatype>LOGDT024</logicalDatatype>
<dataTypeSize>50 BYTE</dataTypeSize>
<ownDataTypeParameters>50 BYTE,,</ownDataTypeParameters>
</Attribute>
<Attribute name="esc_id" id="D245BDF5-FE2B-A709-CA4A-F3DD56DA6927">
<createdBy>mcorteze</createdBy>
<createdTime>2024-10-01 03:24:33 UTC</createdTime>
<generatorID>C9EA7CFC-46BF-CB28-712A-6F900A709C51</generatorID>
<ownerDesignName>modelo_semana8</ownerDesignName>
<engineerTo>
<item key="AB07EB58-40FC-4E9B-1099-E637EF8A7277" value="true"/>
</engineerTo>
<referedAttribute>46539F08-FA5E-0B50-A5E8-A56A77705DC4</referedAttribute>
<useDomainConstraints>false</useDomainConstraints>
<use>1</use>
<logicalDatatype>LOGDT011</logicalDatatype>
<ownDataTypeParameters>,,</ownDataTypeParameters>
</Attribute>
</attributes>
<identifiers itemClass="oracle.dbtools.crest.model.design.logical.CandidateKey">
<identifier id="0E7595F6-6D09-1953-9CF5-FE1E2B6F6BF2" name="cos_costo PK">
<createdBy>mcorteze</createdBy>
<createdTime>2024-10-01 03:09:49 UTC</createdTime>
<ownerDesignName>modelo_semana8</ownerDesignName>
<engineerTo>
<item key="AB07EB58-40FC-4E9B-1099-E637EF8A7277" value="true"/>
</engineerTo>
<pk>true</pk>
<usedAttributes>
<attributeRef>7C74CC23-0EE7-43C8-0581-5A3B19EA513D</attributeRef>
<attributeRef>D245BDF5-FE2B-A709-CA4A-F3DD56DA6927</attributeRef>
</usedAttributes>
</identifier>
</identifiers>
</Entity>