<?xml version = '1.0' encoding = 'UTF-8'?>
<Entity class="oracle.dbtools.crest.model.design.logical.Entity" directorySegmentName="seg_0" id="D2168D06-B33F-6315-F8BA-CDC74FD3942E" name="ins_instalacion">
<createdBy>mcorteze</createdBy>
<createdTime>2024-10-01 03:15:28 UTC</createdTime>
<ownerDesignName>modelo_semana8</ownerDesignName>
<engineerTo>
<item key="AB07EB58-40FC-4E9B-1099-E637EF8A7277" value="true"/>
</engineerTo>
<adequatelyNormalized>NO</adequatelyNormalized>
<expectedVolumes>0</expectedVolumes>
<fwdEngineeringStrategyName>Single Table</fwdEngineeringStrategyName>
<growthPercent>0</growthPercent>
<growthType>Year</growthType>
<maxVolumes>9999999</maxVolumes>
<minVolumes>0</minVolumes>
<normalForm>Third</normalForm>
<attributes itemClass="oracle.dbtools.crest.model.design.logical.Attribute">
<Attribute name="ins_id" id="709B2395-2EEB-D697-551E-7FE9A6B91B18">
<createdBy>mcorteze</createdBy>
<createdTime>2024-10-01 03:15:34 UTC</createdTime>
<ownerDesignName>modelo_semana8</ownerDesignName>
<engineerTo>
<item key="AB07EB58-40FC-4E9B-1099-E637EF8A7277" value="true"/>
</engineerTo>
<useDomainConstraints>false</useDomainConstraints>
<use>1</use>
<logicalDatatype>LOGDT011</logicalDatatype>
<ownDataTypeParameters>,,</ownDataTypeParameters>
</Attribute>
<Attribute name="ins_nombre" id="0DE0D4A0-24C8-A609-BAB5-886DFA6F84FA">
<createdBy>mcorteze</createdBy>
<createdTime>2024-10-01 03:15:42 UTC</createdTime>
<ownerDesignName>modelo_semana8</ownerDesignName>
<engineerTo>
<item key="AB07EB58-40FC-4E9B-1099-E637EF8A7277" value="true"/>
</engineerTo>
<nullsAllowed>true</nullsAllowed>
<useDomainConstraints>false</useDomainConstraints>
<use>1</use>
<logicalDatatype>LOGDT024</logicalDatatype>
<dataTypeSize>100 BYTE</dataTypeSize>
<ownDataTypeParameters>100 BYTE,,</ownDataTypeParameters>
</Attribute>
<Attribute name="ins_capacidad" id="8591AB22-4A0C-236C-C37C-F8A2B07789A5">
<createdBy>mcorteze</createdBy>
<createdTime>2024-10-01 03:16:02 UTC</createdTime>
<ownerDesignName>modelo_semana8</ownerDesignName>
<engineerTo>
<item key="AB07EB58-40FC-4E9B-1099-E637EF8A7277" value="true"/>
</engineerTo>
<nullsAllowed>true</nullsAllowed>
<useDomainConstraints>false</useDomainConstraints>
<use>1</use>
<logicalDatatype>LOGDT011</logicalDatatype>
<ownDataTypeParameters>,,</ownDataTypeParameters>
</Attribute>
<Attribute name="ins_tipoinstalacion" id="0768E6AD-17C8-C68A-D6FB-A6B09B146DC9">
<createdBy>mcorteze</createdBy>
<createdTime>2024-10-01 03:16:16 UTC</createdTime>
<ownerDesignName>modelo_semana8</ownerDesignName>
<engineerTo>
<item key="AB07EB58-40FC-4E9B-1099-E637EF8A7277" value="true"/>
</engineerTo>
<nullsAllowed>true</nullsAllowed>
<useDomainConstraints>false</useDomainConstraints>
<use>1</use>
<logicalDatatype>LOGDT024</logicalDatatype>
<dataTypeSize>50 BYTE</dataTypeSize>
<ownDataTypeParameters>50 BYTE,,</ownDataTypeParameters>
</Attribute>
<Attribute name="esc_id" id="4122C2A1-01A9-0A58-7F4F-92FEBE2EA978">
<createdBy>mcorteze</createdBy>
<createdTime>2024-10-01 03:38:00 UTC</createdTime>
<generatorID>58906A38-C365-A46D-EF95-B3BE038D36DA</generatorID>
<ownerDesignName>modelo_semana8</ownerDesignName>
<engineerTo>
<item key="AB07EB58-40FC-4E9B-1099-E637EF8A7277" value="true"/>
</engineerTo>
<referedAttribute>46539F08-FA5E-0B50-A5E8-A56A77705DC4</referedAttribute>
<useDomainConstraints>false</useDomainConstraints>
<use>1</use>
<logicalDatatype>LOGDT011</logicalDatatype>
<ownDataTypeParameters>,,</ownDataTypeParameters>
</Attribute>
</attributes>
<identifiers itemClass="oracle.dbtools.crest.model.design.logical.CandidateKey">
<identifier id="860B89A4-22C4-4740-50DE-11706F7B8D83" name="ins_instalacion PK">
<createdBy>mcorteze</createdBy>
<createdTime>2024-10-01 03:15:41 UTC</createdTime>
<ownerDesignName>modelo_semana8</ownerDesignName>
<engineerTo>
<item key="AB07EB58-40FC-4E9B-1099-E637EF8A7277" value="true"/>
</engineerTo>
<pk>true</pk>
<usedAttributes>
<attributeRef>709B2395-2EEB-D697-551E-7FE9A6B91B18</attributeRef>
<attributeRef>4122C2A1-01A9-0A58-7F4F-92FEBE2EA978</attributeRef>
</usedAttributes>
</identifier>
</identifiers>
</Entity>